#ID,Name,Remark: '#' is required to comment the whole line.
10,j干Y,
11,趺膜,
12,j干Y,
13,趺膜,
14,j干Y,
15,趺膜,
16,j干Y,
17,趺膜,
18,j干Y,
19,趺膜,
20,j干Y,
21,趺膜,
22,j干Y,
23,趺膜,
24,j干Y,
25,趺膜
26,j干Y
27,趺膜
28,j干Y
29,趺膜
30,j干Y
31,趺膜
32,j干Y
33,趺膜
34,j干Y
35,趺膜
36,j干Y
37,趺膜
38,j干Y
39,趺膜
40,j干Y
41,趺膜
42,j干Y
43,趺膜
44,j干Y
45,趺膜
46,j干Y
47,趺膜
48,j干Y
49,趺膜
50,j干Y
51,趺膜
52,j干Y
53,趺膜
54,j干Y
55,趺膜
56,j干Y
57,趺膜
58,j干Y
59,趺膜
60,j干Y
61,趺膜
62,j干Y
63,趺膜
64,j干Y
65,趺膜
66,j干Y
67,趺膜
68,j干Y
69,趺膜
70,j干Y
71,趺膜
72,j干Y
73,趺膜
74,j干Y
75,趺膜
76,j干Y
77,趺膜
78,j干Y
79,趺膜
80,j干Y
81,趺膜
82,j干Y
83,趺膜
84,j干Y
85,趺膜
86,j干Y
87,趺膜
88,j干Y
89,趺膜
90,j干Y
91,趺膜
92,j干Y
93,趺膜
94,j干Y
95,趺膜
96,j干Y
97,趺膜
98,j干Y
99,趺膜
100,j干Y
101,趺膜
102,j干Y
103,趺膜
104,j干Y
105,趺膜
106,j干Y
107,趺膜
108,j干Y
109,趺膜
110,j干Y
111,趺膜
112,j干Y
113,趺膜
114,j干Y
115,趺膜
116,j干Y
117,趺膜
118,j干Y
119,趺膜
120,j干Y
121,趺膜
122,j干Y
123,趺膜
124,j干Y
125,趺膜
126,j干Y
127,趺膜
128,j干Y
129,趺膜
130,j干Y
131,趺膜
132,j干Y
133,趺膜
134,j干Y
135,趺膜
136,j干Y
137,趺膜
138,j干Y
139,趺膜
140,j干Y
141,趺膜
142,j干Y
143,趺膜
144,j干Y
145,趺膜
146,j干Y
147,趺膜
148,j干Y
149,趺膜
150,j干Y
151,趺膜
152,j干Y
153,趺膜
154,j干Y
155,趺膜
156,j干Y
157,趺膜
158,j干Y
159,趺膜
160,j干Y
161,趺膜
162,j干Y
163,趺膜
164,j干Y
165,趺膜
166,j干Y
167,趺膜
168,j干Y
169,趺膜
170,j干Y
171,趺膜
172,j干Y
173,趺膜
174,j干Y
175,趺膜
176,j干Y
177,趺膜
178,j干Y
179,趺膜
180,j干Y
181,趺膜
182,j干Y
183,趺膜
184,j干Y
185,趺膜
186,j干Y
187,趺膜
188,j干Y
189,趺膜
190,j干Y
191,趺膜
192,j干Y
193,趺膜
194,j干Y
195,趺膜
196,j干Y
197,趺膜
198,j干Y
199,趺膜
200,j干Y
201,趺膜
202,j干Y
203,趺膜
204,j干Y
205,趺膜
206,j干Y
207,趺膜
208,j干Y
209,趺膜
210,j干Y
211,趺膜
212,j干Y
213,趺膜
214,j干Y
215,趺膜
216,j干Y
217,趺膜
218,j干Y
219,趺膜
220,j干Y
221,趺膜
222,j干Y
223,趺膜
224,j干Y
225,趺膜
226,j干Y
227,趺膜
228,j干Y
229,趺膜
230,j干Y
231,趺膜
232,j干Y
233,趺膜
234,j干Y
235,趺膜
236,j干Y
237,趺膜
238,j干Y
239,趺膜
240,j干Y
241,趺膜
242,j干Y
243,趺膜
244,j干Y
245,趺膜
246,j干Y
247,趺膜
248,j干Y
249,趺膜
250,j干Y
251,趺膜
252,j干Y
253,趺膜
254,j干Y
255,趺膜
256,j干Y
257,趺膜
258,j干Y
259,趺膜
260,j干Y
261,趺膜
262,j干Y
263,趺膜
264,j干Y
265,趺膜
266,j干Y
267,趺膜
268,j干Y
269,趺膜
270,j干Y
271,趺膜
272,j干Y
273,趺膜
274,j干Y
275,趺膜
276,j干Y
277,趺膜
278,j干Y
279,趺膜
280,j干Y
281,趺膜
282,j干Y
283,趺膜
284,j干Y
285,趺膜
286,j干Y
287,趺膜
288,j干Y
289,趺膜
290,j干Y
291,趺膜
292,j干Y
293,趺膜
294,j干Y
295,趺膜
296,j干Y
297,趺膜
298,j干Y
299,趺膜
300,j干Y
301,趺膜
302,j干Y
303,趺膜
304,j干Y
305,趺膜
306,j干Y
307,趺膜
308,j干Y
309,趺膜
310,j干Y
311,趺膜
312,j干Y
313,趺膜
314,j干Y
315,趺膜
316,j干Y
317,趺膜
318,j干Y
319,趺膜
320,j干Y
321,趺膜
322,j干Y
323,趺膜
324,j干Y
325,趺膜
326,j干Y
327,趺膜
328,j干Y
329,趺膜
330,j干Y
331,趺膜
332,j干Y
333,趺膜
334,j干Y
335,趺膜
336,j干Y
337,趺膜
338,j干Y
339,趺膜
340,j干Y
341,趺膜
342,j干Y
343,趺膜
344,j干Y
345,趺膜
346,j干Y
347,趺膜
348,j干Y
349,趺膜
350,j干Y
351,趺膜
352,j干Y
353,趺膜
354,j干Y
355,趺膜
356,j干Y
357,趺膜
358,j干Y
359,趺膜
360,j干Y
361,趺膜
362,j干Y
363,趺膜
364,j干Y
365,趺膜
366,j干Y
367,趺膜
368,j干Y
369,趺膜
370,j干Y
371,趺膜
372,j干Y
373,趺膜
374,j干Y
375,趺膜
376,j干Y
377,趺膜
378,j干Y
379,趺膜
380,j干Y
381,趺膜
382,j干Y
383,趺膜
384,j干Y
385,趺膜
386,j干Y
387,趺膜
388,j干Y
389,趺膜
390,j干Y
391,趺膜
392,j干Y
393,趺膜
394,j干Y
395,趺膜
396,j干Y
397,趺膜
398,j干Y
399,趺膜
400,j干Y
401,趺膜
402,j干Y
403,趺膜
404,j干Y
405,趺膜
406,j干Y
407,趺膜
408,j干Y
409,趺膜
410,j干Y
411,趺膜
412,j干Y
413,趺膜
414,j干Y
415,趺膜
416,j干Y
417,趺膜
418,j干Y
419,趺膜
420,j干Y
421,趺膜
422,j干Y
423,趺膜
424,j干Y
425,趺膜
426,j干Y
427,趺膜
428,j干Y
429,趺膜
430,j干Y
431,趺膜
432,j干Y
433,趺膜
434,j干Y
435,趺膜
436,j干Y
437,趺膜
438,j干Y
439,趺膜
440,j干Y
441,趺膜
442,j干Y
443,趺膜
444,j干Y
445,趺膜
446,j干Y
447,趺膜
448,j干Y
449,趺膜
450,j干Y
451,趺膜
452,j干Y
453,趺膜
454,j干Y
455,趺膜
456,j干Y
457,趺膜
458,j干Y
459,趺膜
460,j干Y
461,趺膜
462,j干Y
463,趺膜
464,j干Y
465,趺膜
466,j干Y
467,趺膜
468,j干Y
469,趺膜
470,j干Y
471,趺膜
472,j干Y
473,趺膜
474,j干Y
475,趺膜
476,j干Y
477,趺膜
478,j干Y
479,趺膜
480,j干Y
481,趺膜
482,j干Y
483,趺膜
484,j干Y
485,趺膜
486,j干Y
487,趺膜
488,j干Y
489,趺膜
490,j干Y
491,趺膜
492,j干Y
493,趺膜
494,j干Y
495,趺膜
496,j干Y
497,趺膜
498,j干Y
499,趺膜
500,j干Y
501,趺膜
502,j干Y
503,趺膜
504,j干Y
505,趺膜
506,j干Y
507,趺膜
508,j干Y
509,趺膜
510,j干Y
511,趺膜
512,j干Y
513,趺膜
514,j干Y
515,趺膜
516,j干Y
517,趺膜
518,j干Y
519,趺膜
520,j干Y
521,趺膜
522,j干Y
523,趺膜
524,j干Y
525,趺膜
526,j干Y
527,趺膜
528,j干Y
529,趺膜
530,j干Y
531,趺膜
532,j干Y
533,趺膜
534,j干Y
535,趺膜
536,j干Y
537,趺膜
538,j干Y
539,趺膜
540,j干Y
541,趺膜
542,j干Y
543,趺膜
544,j干Y
545,趺膜
546,j干Y
547,趺膜
548,j干Y
549,趺膜
550,j干Y
551,趺膜
552,j干Y
553,趺膜
554,j干Y
555,趺膜
556,j干Y
557,趺膜
558,j干Y
559,趺膜
560,j干Y
561,趺膜
562,j干Y
563,趺膜
564,j干Y
565,趺膜
566,j干Y
567,趺膜
568,j干Y
569,趺膜
570,j干Y
571,趺膜
572,j干Y
573,趺膜
574,j干Y
575,趺膜
576,j干Y
577,趺膜
578,j干Y
579,趺膜
580,j干Y
581,趺膜
582,j干Y
583,趺膜
584,j干Y
585,趺膜
586,j干Y
587,趺膜
588,j干Y
589,趺膜
590,j干Y
591,趺膜
592,j干Y
593,趺膜
594,j干Y
595,趺膜
596,j干Y
597,趺膜
598,j干Y
599,趺膜
600,j干Y
601,趺膜
602,j干Y
603,趺膜
604,j干Y
605,趺膜
606,j干Y
607,趺膜
608,j干Y
609,趺膜
610,j干Y
611,趺膜
612,j干Y
613,趺膜
614,j干Y
615,趺膜
616,j干Y
617,趺膜
618,j干Y
619,趺膜
620,j干Y
621,趺膜
622,j干Y
623,趺膜
624,j干Y
625,趺膜
626,j干Y
627,趺膜
628,j干Y
629,趺膜
630,j干Y
631,趺膜
632,j干Y
633,趺膜
634,j干Y
635,趺膜
636,j干Y
637,趺膜
638,j干Y
639,趺膜
640,j干Y
641,趺膜
642,j干Y
643,趺膜
644,j干Y
645,趺膜
646,j干Y
647,趺膜
648,j干Y
649,趺膜
650,j干Y
651,趺膜
652,j干Y
653,趺膜
654,j干Y
655,趺膜
656,j干Y
657,趺膜
658,j干Y
659,趺膜
660,j干Y
661,趺膜
662,j干Y
663,趺膜
664,j干Y
665,趺膜
666,j干Y
667,趺膜
668,j干Y
669,趺膜
670,j干Y
671,趺膜
672,j干Y
673,趺膜
674,j干Y
675,趺膜
676,j干Y
677,趺膜
678,j干Y
679,趺膜
680,j干Y
681,趺膜
682,j干Y
683,趺膜
684,j干Y
685,趺膜
686,j干Y
687,趺膜
688,j干Y
689,趺膜
690,j干Y
691,趺膜
692,j干Y
693,趺膜
694,j干Y
695,趺膜
696,j干Y
697,趺膜
698,j干Y
699,趺膜
700,j干Y
701,趺膜
702,j干Y
703,趺膜
704,j干Y
705,趺膜
706,j干Y
707,趺膜
708,j干Y
709,趺膜
710,j干Y
711,趺膜
712,j干Y
713,趺膜
714,j干Y
715,趺膜
716,j干Y
717,趺膜
718,j干Y
719,趺膜
720,j干Y
721,趺膜
722,j干Y
723,趺膜
724,j干Y
725,趺膜
726,j干Y
727,趺膜
728,j干Y
729,趺膜
730,j干Y
731,趺膜
732,j干Y
733,趺膜
734,j干Y
735,趺膜
736,j干Y
737,趺膜
738,j干Y
739,趺膜
740,j干Y
741,趺膜
742,j干Y
743,趺膜
744,j干Y
745,趺膜
746,j干Y
747,趺膜
748,j干Y
749,趺膜
750,j干Y
751,趺膜
752,j干Y
753,趺膜
754,j干Y
755,趺膜
756,j干Y
757,趺膜
758,j干Y
759,趺膜
760,j干Y
761,趺膜
762,j干Y
763,趺膜
764,j干Y
765,趺膜
766,j干Y
767,趺膜
768,j干Y
769,趺膜
770,j干Y
771,趺膜
772,j干Y
773,趺膜
774,j干Y
775,趺膜
776,j干Y
777,趺膜
778,j干Y
779,趺膜
780,j干Y
781,趺膜
782,j干Y
783,趺膜
784,j干Y
785,趺膜
786,j干Y
787,趺膜
788,j干Y
789,趺膜
790,j干Y
791,趺膜
792,j干Y
793,趺膜
794,j干Y
795,趺膜
796,j干Y
797,趺膜
798,j干Y
799,趺膜
800,j干Y
801,趺膜
802,j干Y
803,趺膜
804,j干Y
805,趺膜
806,j干Y
807,趺膜
808,j干Y
809,趺膜
810,j干Y
811,趺膜
812,j干Y
813,趺膜
814,j干Y
815,趺膜
816,j干Y
817,趺膜
818,j干Y
819,趺膜
820,j干Y
821,趺膜
822,j干Y
823,趺膜
824,j干Y
825,趺膜
826,j干Y
827,趺膜
828,j干Y
829,趺膜
830,j干Y
831,趺膜
832,j干Y
833,趺膜
834,j干Y
835,趺膜
836,j干Y
837,趺膜
838,j干Y
839,趺膜
840,j干Y
841,趺膜
842,j干Y
843,趺膜
844,j干Y
845,趺膜
846,j干Y
847,趺膜
848,j干Y
849,趺膜
850,j干Y
851,趺膜
852,j干Y
853,趺膜
854,j干Y
855,趺膜
856,j干Y
857,趺膜
858,j干Y
859,趺膜
860,j干Y
861,趺膜
862,j干Y
863,趺膜
864,j干Y
865,趺膜
866,j干Y
867,趺膜
868,j干Y
869,趺膜
870,j干Y
871,趺膜
872,j干Y
873,趺膜
874,j干Y
875,趺膜
876,j干Y
877,趺膜
878,j干Y
879,趺膜
880,j干Y
881,趺膜
882,j干Y
883,趺膜
884,j干Y
885,趺膜
886,j干Y
887,趺膜
888,j干Y
889,趺膜
890,j干Y
891,趺膜
892,j干Y
893,趺膜
894,j干Y
895,趺膜
896,j干Y
897,趺膜
898,j干Y
899,趺膜
900,j干Y
901,趺膜
902,j干Y
903,趺膜
904,j干Y
905,趺膜
906,j干Y
907,趺膜
908,j干Y
909,趺膜
910,j干Y
911,趺膜
912,j干Y
913,趺膜
914,j干Y
915,趺膜
916,j干Y
917,趺膜
918,j干Y
919,趺膜
920,j干Y
921,趺膜
922,j干Y
923,趺膜
924,j干Y
925,趺膜
926,j干Y
927,趺膜
928,j干Y
929,趺膜
930,j干Y
931,趺膜
932,j干Y
933,趺膜
934,j干Y
935,趺膜
936,j干Y
937,趺膜
938,j干Y
939,趺膜
940,j干Y
941,趺膜
942,j干Y
943,趺膜
944,j干Y
945,趺膜
946,j干Y
947,趺膜
948,j干Y
949,趺膜
950,j干Y
951,趺膜
952,j干Y
953,趺膜
954,j干Y
955,趺膜
956,j干Y
957,趺膜
958,j干Y
959,趺膜
960,j干Y
961,趺膜
962,j干Y
963,趺膜
964,j干Y
965,趺膜
966,j干Y
967,趺膜
968,j干Y
969,趺膜
970,j干Y
971,趺膜
972,j干Y
973,趺膜
974,j干Y
975,趺膜
976,j干Y
977,趺膜
978,j干Y
979,趺膜
980,j干Y
981,趺膜
982,j干Y
983,趺膜
984,j干Y
985,趺膜
986,j干Y
987,趺膜
988,j干Y
989,趺膜
990,j干Y
991,趺膜
992,j干Y
993,趺膜
994,j干Y
995,趺膜
996,j干Y
997,趺膜
998,j干Y
999,趺膜
1000,j干Y
1001,趺膜
1002,j干Y
1003,趺膜
1004,j干Y
1005,趺膜
1006,j干Y
1007,趺膜
1008,j干Y
1009,趺膜
1010,j干Y
1011,趺膜
1012,j干Y
1013,趺膜
1014,j干Y
1015,趺膜
1016,j干Y
1017,趺膜
1018,j干Y
1019,趺膜
1020,j干Y
1021,趺膜
1022,j干Y
1023,趺膜
1024,j干Y
1025,趺膜
1026,j干Y
1027,趺膜
1028,j干Y
1029,趺膜
1030,j干Y
1031,趺膜
1032,j干Y
1033,趺膜
1034,j干Y
1035,趺膜
1036,j干Y
1037,趺膜
1038,j干Y
1039,趺膜
1040,j干Y
1041,趺膜
1042,j干Y
1043,趺膜
1044,j干Y
1045,趺膜
1046,j干Y
1047,趺膜
1048,j干Y
1049,趺膜
1050,j干Y
1051,趺膜
1052,j干Y
1053,趺膜
1054,j干Y
1055,趺膜
1056,j干Y
1057,趺膜
1058,j干Y
1059,趺膜
1060,j干Y
1061,趺膜
1062,j干Y
1063,趺膜
1064,j干Y
1065,趺膜
1066,j干Y
1067,趺膜
1068,j干Y
1069,趺膜
1070,j干Y
1071,趺膜
1072,j干Y
1073,趺膜
1074,j干Y
1075,趺膜
1076,j干Y
1077,趺膜
1078,j干Y
1079,趺膜
1080,j干Y
1081,趺膜
1082,j干Y
1083,趺膜
1084,j干Y
1085,趺膜
1086,j干Y
1087,趺膜
1088,j干Y
1089,趺膜
1090,j干Y
1091,趺膜
1092,j干Y
1093,趺膜
1094,j干Y
1095,趺膜
1096,j干Y
1097,趺膜
1098,j干Y
1099,趺膜
1100,j干Y
1101,趺膜
1102,j干Y
1103,趺膜
1104,j干Y
1105,趺膜
1106,j干Y
1107,趺膜
1108,j干Y
1109,趺膜
1110,j干Y
1111,趺膜
1112,j干Y
1113,趺膜
1114,j干Y
1115,趺膜
1116,j干Y
1117,趺膜
1118,j干Y
1119,趺膜
1120,j干Y
1121,趺膜
1122,j干Y
1123,趺膜
1124,j干Y
1125,趺膜
1126,j干Y
1127,趺膜
1128,j干Y
1129,趺膜
1130,j干Y
1131,趺膜
1132,j干Y
1133,趺膜
1134,j干Y
1135,趺膜
1136,j干Y
1137,趺膜
1138,j干Y
1139,趺膜
1140,j干Y
1141,趺膜
1142,j干Y
1143,趺膜
1144,j干Y
1145,趺膜
1146,j干Y
1147,趺膜
1148,j干Y
1149,趺膜
1150,j干Y
1151,趺膜
1152,j干Y
1153,趺膜
1154,j干Y
1155,趺膜
1156,j干Y
1157,趺膜
1158,j干Y
1159,趺膜
1160,j干Y
1161,趺膜
1162,j干Y
1163,趺膜
1164,j干Y
1165,趺膜
1166,j干Y
1167,趺膜
1168,j干Y
1169,趺膜
1170,j干Y
1171,趺膜
1172,j干Y
1173,趺膜
1174,j干Y
1175,趺膜
1176,j干Y
1177,趺膜
1178,j干Y
1179,趺膜
1180,j干Y
1181,趺膜
1182,j干Y
1183,趺膜
1184,j干Y
1185,趺膜
1186,j干Y
1187,趺膜
1188,j干Y
1189,趺膜
1190,j干Y
1191,趺膜
1192,j干Y
1193,趺膜
1194,j干Y
1195,趺膜
1196,j干Y
1197,趺膜
1198,j干Y
1199,趺膜
1200,j干Y
1201,趺膜
1202,j干Y
1203,趺膜
1204,j干Y
1205,趺膜
1206,j干Y
1207,趺膜
1208,j干Y
1209,趺膜
1210,j干Y
1211,趺膜
1212,j干Y
1213,趺膜
1214,j干Y
1215,趺膜
1216,j干Y
1217,趺膜
1218,j干Y
1219,趺膜
1220,j干Y
1221,趺膜
1222,j干Y
1223,趺膜
1224,j干Y
1225,趺膜
1226,j干Y
1227,趺膜
1228,j干Y
1229,趺膜
1230,j干Y
1231,趺膜
1232,j干Y
1233,趺膜
1234,j干Y
1235,趺膜
1236,j干Y
1237,趺膜
1238,j干Y
1239,趺膜
1240,j干Y
1241,趺膜
1242,j干Y
1243,趺膜
1244,j干Y
1245,趺膜
1246,j干Y
1247,趺膜
1248,j干Y
1249,趺膜
1250,j干Y
1251,趺膜
1252,j干Y
1253,趺膜
1254,j干Y
1255,趺膜
1256,j干Y
1257,趺膜
1258,j干Y
1259,趺膜
1260,j干Y
1261,趺膜
1262,j干Y
1263,趺膜
1264,j干Y
1265,趺膜
1266,j干Y
1267,趺膜
1268,j干Y
1269,趺膜
1270,j干Y
1271,趺膜
1272,j干Y
1273,趺膜
1274,j干Y
1275,趺膜
1276,j干Y
1277,趺膜
1278,j干Y
1279,趺膜
1280,j干Y
1281,趺膜
1282,j干Y
1283,趺膜
1284,j干Y
1285,趺膜
1286,j干Y
1287,趺膜
1288,j干Y
1289,趺膜
1290,j干Y
1291,趺膜
1292,j干Y
1293,趺膜
1294,j干Y
1295,趺膜
1296,j干Y
1297,趺膜
1298,j干Y
1299,趺膜
1300,j干Y
1301,趺膜
1302,j干Y
1303,趺膜
1304,j干Y
1305,趺膜
1306,j干Y
1307,趺膜
1308,j干Y
1309,趺膜
1310,j干Y
1311,趺膜
1312,j干Y
1313,趺膜
1314,j干Y
1315,趺膜
1316,j干Y
1317,趺膜
1318,j干Y
1319,趺膜
1320,j干Y
1321,趺膜
1322,j干Y
1323,趺膜
1324,j干Y
1325,趺膜
1326,j干Y
1327,趺膜
1328,j干Y
1329,趺膜
1330,j干Y
1331,趺膜
1332,j干Y
1333,趺膜
1334,j干Y
1335,趺膜
1336,j干Y
1337,趺膜
1338,j干Y
1339,趺膜
1340,j干Y
1341,趺膜
1342,j干Y
1343,趺膜
1344,j干Y
1345,趺膜
1346,j干Y
1347,趺膜
1348,j干Y
1349,趺膜
1350,j干Y
1351,趺膜
1352,j干Y
1353,趺膜
1354,j干Y
1355,趺膜
1356,j干Y
1357,趺膜
1358,j干Y
1359,趺膜
1360,j干Y
1361,趺膜
1362,j干Y
1363,趺膜
1364,j干Y
1365,趺膜
1366,j干Y
1367,趺膜
1368,j干Y
1369,趺膜
1370,j干Y
1371,趺膜
1372,j干Y
1373,趺膜
1374,j干Y
1375,趺膜
1376,j干Y
1377,趺膜
1378,j干Y
1379,趺膜
1380,j干Y
1381,趺膜
1382,j干Y
1383,趺膜
1384,j干Y
1385,趺膜
1386,j干Y
1387,趺膜
1388,j干Y
1389,趺膜
1390,j干Y
1391,趺膜
1392,j干Y
1393,趺膜
1394,j干Y
1395,趺膜
1396,j干Y
1397,趺膜
1398,j干Y
1399,趺膜
1400,j干Y
1401,趺膜
1402,j干Y
1403,趺膜
1404,j干Y
1405,趺膜
1406,j干Y
1407,趺膜
1408,j干Y
1409,趺膜
1410,j干Y
1411,趺膜
1412,j干Y
1413,趺膜
1414,j干Y
1415,趺膜
1416,j干Y
1417,趺膜
1418,j干Y
1419,趺膜
1420,j干Y
1421,趺膜
1422,j干Y
1423,趺膜
1424,j干Y
1425,趺膜
1426,j干Y
1427,趺膜
1428,j干Y
1429,趺膜
1430,j干Y
1431,趺膜
1432,j干Y
1433,趺膜
1434,j干Y
1435,趺膜
1436,j干Y
1437,趺膜
1438,j干Y
1439,趺膜
1440,j干Y
1441,趺膜
1442,j干Y
1443,趺膜
1444,j干Y
1445,趺膜
1446,j干Y
1447,趺膜
1448,j干Y
1449,趺膜
1450,j干Y
1451,趺膜
1452,j干Y
1453,趺膜
1454,j干Y
1455,趺膜
1456,j干Y
1457,趺膜
1458,j干Y
1459,趺膜
1460,j干Y
1461,趺膜
1462,j干Y
1463,趺膜
1464,j干Y
1465,趺膜
1466,j干Y
1467,趺膜
1468,j干Y
1469,趺膜
1470,j干Y
1471,趺膜
1472,j干Y
1473,趺膜
1474,j干Y
1475,趺膜
1476,j干Y
1477,趺膜
1478,j干Y
1479,趺膜
1480,j干Y
1481,趺膜
1482,j干Y
1483,趺膜
1484,j干Y
1485,趺膜
1486,j干Y
1487,趺膜
1488,j干Y
1489,趺膜
1490,j干Y
1491,趺膜
1492,j干Y
1493,趺膜
1494,j干Y
1495,趺膜
1496,j干Y
1497,趺膜
1498,j干Y
1499,趺膜
1500,j干Y
1501,趺膜
1502,j干Y
1503,趺膜
1504,j干Y
1505,趺膜
1506,j干Y
1507,趺膜
1508,j干Y
1509,趺膜
1510,j干Y
1511,趺膜
1512,j干Y
1513,趺膜
1514,j干Y
1515,趺膜
1516,j干Y
1517,趺膜
1518,j干Y
1519,趺膜
1520,j干Y
1521,趺膜
1522,j干Y
1523,趺膜
1524,j干Y
1525,趺膜
1526,j干Y
1527,趺膜
1528,j干Y
1529,趺膜
1530,j干Y
1531,趺膜
1532,j干Y
1533,趺膜
1534,j干Y
1535,趺膜
1536,j干Y
1537,趺膜
1538,j干Y
1539,趺膜
1540,j干Y
1541,趺膜
1542,j干Y
1543,趺膜
1544,j干Y
1545,趺膜
1546,j干Y
1547,趺膜
1548,j干Y
1549,趺膜
1550,j干Y
1551,趺膜
1552,j干Y
1553,趺膜
1554,j干Y
1555,趺膜
1556,j干Y
1557,趺膜
1558,j干Y
1559,趺膜
1560,j干Y
1561,趺膜
1562,j干Y
1563,趺膜
1564,j干Y
1565,趺膜
1566,j干Y
1567,趺膜
1568,j干Y
1569,趺膜
1570,j干Y
1571,趺膜
1572,j干Y
1573,趺膜
1574,j干Y
1575,趺膜
1576,j干Y
1577,趺膜
1578,j干Y
1579,趺膜
1580,j干Y
1581,趺膜
1582,j干Y
1583,趺膜
1584,j干Y
1585,趺膜
1586,j干Y
1587,趺膜
1588,j干Y
1589,趺膜
1590,j干Y
1591,趺膜
1592,j干Y
1593,趺膜
1594,j干Y
1595,趺膜
1596,j干Y
1597,趺膜
1598,j干Y
1599,趺膜
1600,j干Y
1601,趺膜
1602,j干Y
1603,趺膜
1604,j干Y
1605,趺膜
1606,j干Y
1607,趺膜
1608,j干Y
1609,趺膜
1610,j干Y
1611,趺膜
1612,j干Y
1613,趺膜
1614,j干Y
1615,趺膜
1616,j干Y
1617,趺膜
1618,j干Y
1619,趺膜
1620,j干Y
1621,趺膜
1622,j干Y
1623,趺膜
1624,j干Y
1625,趺膜
1626,j干Y
1627,趺膜
1628,j干Y
1629,趺膜
1630,j干Y
1631,趺膜
1632,j干Y
1633,趺膜
1634,j干Y
1635,趺膜
1636,j干Y
1637,趺膜
1638,j干Y
1639,趺膜
1640,j干Y
1641,趺膜
1642,j干Y
1643,趺膜
1644,j干Y
1645,趺膜
1646,j干Y
1647,趺膜
1648,j干Y
1649,趺膜
1650,j干Y
1651,趺膜
1652,j干Y
1653,趺膜
1654,j干Y
1655,趺膜
1656,j干Y
1657,趺膜
1658,j干Y
1659,趺膜
1660,j干Y
1661,趺膜
1662,j干Y
1663,趺膜
1664,j干Y
1665,趺膜
1666,j干Y
1667,趺膜
1668,j干Y
1669,趺膜
1670,j干Y
1671,趺膜
1672,j干Y
1673,趺膜
1674,j干Y
1675,趺膜
1676,j干Y
1677,趺膜
1678,j干Y
1679,趺膜
1680,j干Y
1681,趺膜
1682,j干Y
1683,趺膜
1684,j干Y
1685,趺膜
1686,j干Y
1687,趺膜
1688,j干Y
1689,趺膜
1690,j干Y
1691,趺膜
1692,j干Y
1693,趺膜
1694,j干Y
1695,趺膜
1696,j干Y
1697,趺膜
1698,j干Y
1699,趺膜
1700,j干Y
1701,趺膜
1702,j干Y
1703,趺膜
1704,j干Y
1705,趺膜
1706,j干Y
1707,趺膜
1708,j干Y
1709,趺膜
1710,j干Y
1711,趺膜
1712,j干Y
1713,趺膜
1714,j干Y
1715,趺膜
1716,j干Y
1717,趺膜
1718,j干Y
1719,趺膜
1720,j干Y
1721,趺膜
1722,j干Y
1723,趺膜
1724,j干Y
1725,趺膜
1726,j干Y
1727,趺膜
1728,j干Y
1729,趺膜
1730,j干Y
1731,趺膜
1732,j干Y
1733,趺膜
1734,j干Y
1735,趺膜
1736,j干Y
1737,趺膜
1738,j干Y
1739,趺膜
1740,j干Y
1741,趺膜
1742,j干Y
1743,趺膜
1744,j干Y
1745,趺膜
1746,j干Y
1747,趺膜
1748,j干Y
1749,趺膜
1750,j干Y
1751,趺膜
1752,j干Y
1753,趺膜
1754,j干Y
1755,趺膜
1756,j干Y
1757,趺膜
1758,j干Y
1759,趺膜
1760,j干Y
1761,趺膜
1762,j干Y
1763,趺膜
1764,j干Y
1765,趺膜
1766,j干Y
1767,趺膜
1768,j干Y
1769,趺膜
1770,j干Y
1771,趺膜
1772,j干Y
1773,趺膜
1774,j干Y
1775,趺膜
1776,j干Y
1777,趺膜
1778,j干Y
1779,趺膜
1780,j干Y
1781,趺膜
1782,j干Y
1783,趺膜
1784,j干Y
1785,趺膜
1786,j干Y
1787,趺膜
1788,j干Y
1789,趺膜
1790,j干Y
1791,趺膜
1792,j干Y
1793,趺膜
1794,j干Y
1795,趺膜
1796,j干Y
1797,趺膜
1798,j干Y
1799,趺膜
1800,j干Y
1801,趺膜
1802,j干Y
1803,趺膜
1804,j干Y
1805,趺膜
1806,j干Y
1807,趺膜
1808,j干Y
1809,趺膜
1810,j干Y
1811,趺膜
1812,j干Y
1813,趺膜
1814,j干Y
1815,趺膜
1816,j干Y
1817,趺膜
1818,j干Y
1819,趺膜
1820,j干Y
1821,趺膜
1822,j干Y
1823,趺膜
1824,j干Y
1825,趺膜
1826,j干Y
1827,趺膜
1828,j干Y
1829,趺膜
1830,j干Y
1831,趺膜
1832,j干Y
1833,趺膜
1834,j干Y
1835,趺膜
1836,j干Y
1837,趺膜
1838,j干Y
1839,趺膜
1840,j干Y
1841,趺膜
1842,j干Y
1843,趺膜
1844,j干Y
1845,趺膜
1846,j干Y
1847,趺膜
1848,j干Y
1849,趺膜
1850,j干Y
1851,趺膜
1852,j干Y
1853,趺膜
1854,j干Y
1855,趺膜
1856,j干Y
1857,趺膜
1858,j干Y
1859,趺膜
1860,j干Y
1861,趺膜
1862,j干Y
1863,趺膜
1864,j干Y
1865,趺膜
1866,j干Y
1867,趺膜
1868,j干Y
1869,趺膜
1870,j干Y
1871,趺膜
1872,j干Y
1873,趺膜
1874,j干Y
1875,趺膜
1876,j干Y
1877,趺膜
1878,j干Y
1879,趺膜
1880,j干Y
1881,趺膜
1882,j干Y
1883,趺膜
1884,j干Y
1885,趺膜
1886,j干Y
1887,趺膜
1888,j干Y
1889,趺膜
1890,j干Y
1891,趺膜
1892,j干Y
1893,趺膜
1894,j干Y
1895,趺膜
1896,j干Y
1897,趺膜
1898,j干Y
1899,趺膜
1900,j干Y
1901,趺膜
1902,j干Y
1903,趺膜
1904,j干Y
1905,趺膜
1906,j干Y
1907,趺膜
1908,j干Y
1909,趺膜
1910,j干Y
1911,趺膜
1912,j干Y
1913,趺膜
1914,j干Y
1915,趺膜
1916,j干Y
1917,趺膜
1918,j干Y
1919,趺膜
1920,j干Y
1921,趺膜
1922,j干Y
1923,趺膜
1924,j干Y
1925,趺膜
1926,j干Y
1927,趺膜
1928,j干Y
1929,趺膜
1930,j干Y
1931,趺膜
1932,j干Y
1933,趺膜
1934,j干Y
1935,趺膜
1936,j干Y
1937,趺膜
1938,j干Y
1939,趺膜
1940,j干Y
1941,趺膜
1942,j干Y
1943,趺膜
1944,j干Y
1945,趺膜
1946,j干Y
1947,趺膜
1948,j干Y
1949,趺膜
1950,j干Y
1951,趺膜
1952,j干Y
1953,趺膜
1954,j干Y
1955,趺膜
1956,j干Y
1957,趺膜
1958,j干Y
1959,趺膜
1960,j干Y
1961,趺膜
1962,j干Y
1963,趺膜
1964,j干Y
1965,趺膜
1966,j干Y
1967,趺膜
1968,j干Y
1969,趺膜
1970,j干Y
1971,趺膜
1972,j干Y
1973,趺膜
1974,j干Y
1975,趺膜
1976,j干Y
1977,趺膜
1978,j干Y
1979,趺膜
1980,j干Y
1981,趺膜
1982,j干Y
1983,趺膜
1984,j干Y
1985,趺膜
1986,j干Y
1987,趺膜
1988,j干Y
1989,趺膜
1990,j干Y
1991,趺膜
1992,j干Y
1993,趺膜
1994,j干Y
1995,趺膜
1996,j干Y
1997,趺膜
1998,j干Y
1999,趺膜
2000,j干Y
2001,趺膜
2002,j干Y
2003,趺膜
2004,j干Y
2005,趺膜
2006,j干Y
2007,趺膜
2008,j干Y
2009,趺膜
2010,j干Y
2011,趺膜
2012,j干Y
2013,趺膜
2014,j干Y
2015,趺膜
2016,j干Y
2017,趺膜
2018,j干Y
2019,趺膜
2020,j干Y
2021,趺膜
2022,j干Y
2023,趺膜
2024,j干Y
2025,趺膜
2026,j干Y
2027,趺膜
2028,j干Y
2029,趺膜
2030,j干Y
2031,趺膜
2032,j干Y
2033,趺膜
2034,j干Y
2035,趺膜
2036,j干Y
2037,趺膜
2038,j干Y
2039,趺膜
2040,j干Y
2041,趺膜
2042,j干Y
2043,趺膜
2044,j干Y
2045,趺膜
2046,j干Y
2047,趺膜
2048,j干Y
2049,趺膜
2050,j干Y
2051,趺膜
2052,j干Y
2053,趺膜
2054,j干Y
2055,趺膜
2056,j干Y
2057,趺膜
2058,j干Y
2059,趺膜
2060,j干Y
2061,趺膜
2062,j干Y
2063,趺膜
2064,j干Y
2065,趺膜
2066,j干Y
2067,趺膜
2068,j干Y
2069,趺膜
2070,j干Y
2071,趺膜
2072,j干Y
2073,趺膜
2074,j干Y
2075,趺膜
2076,j干Y
2077,趺膜
2078,j干Y
2079,趺膜
2080,j干Y
2081,趺膜
2082,j干Y
2083,趺膜
2084,j干Y
2085,趺膜
2086,j干Y
2087,趺膜
2088,j干Y
2089,趺膜
2090,j干Y
2091,趺膜
2092,j干Y
2093,趺膜
2094,j干Y
2095,趺膜
2096,j干Y
2097,趺膜
2098,j干Y
2099,趺膜
2100,j干Y
2101,趺膜
2102,j干Y
2103,趺膜
2104,j干Y
2105,趺膜
2106,j干Y
2107,趺膜
2108,j干Y
2109,趺膜
2110,j干Y
2111,趺膜
2112,j干Y
2113,趺膜
2114,j干Y
2115,趺膜
2116,j干Y
2117,趺膜
2118,j干Y
2119,趺膜
2120,j干Y
2121,趺膜
2122,j干Y
2123,趺膜
2124,j干Y
2125,趺膜
2126,j干Y
2127,趺膜
2128,j干Y
2129,趺膜
2130,j干Y
2131,趺膜
2132,j干Y
2133,趺膜
2134,j干Y
2135,趺膜
2136,j干Y
2137,趺膜
2138,j干Y
2139,趺膜
2140,j干Y
2141,趺膜
2142,j干Y
2143,趺膜
2144,j干Y
2145,趺膜
2146,j干Y
2147,趺膜
2148,j干Y
2149,趺膜
2150,j干Y
2151,趺膜
2152,j干Y
2153,趺膜
2154,j干Y
2155,趺膜
2156,j干Y
2157,趺膜
2158,j干Y
2159,趺膜
2160,j干Y
2161,趺膜
2162,j干Y
2163,趺膜
2164,j干Y
2165,趺膜
2166,j干Y
2167,趺膜
2168,j干Y
2169,趺膜
2170,j干Y
2171,趺膜
2172,j干Y
2173,趺膜
2174,j干Y
2175,趺膜
2176,j干Y
2177,趺膜
2178,j干Y
2179,趺膜
2180,j干Y
2181,趺膜
2182,j干Y
2183,趺膜
2184,j干Y
2185,趺膜
2186,j干Y
2187,趺膜
2188,j干Y
2189,趺膜
2190,j干Y
2191,趺膜
2192,j干Y
2193,趺膜
2194,j干Y
2195,趺膜
2196,j干Y
2197,趺膜
2198,j干Y
2199,趺膜
2200,j干Y
2201,趺膜
2202,j干Y
2203,趺膜
2204,j干Y
2205,趺膜
2206,j干Y
2207,趺膜
2208,j干Y
2209,趺膜
2210,j干Y
2211,趺膜
2212,j干Y
2213,趺膜
2214,j干Y
2215,趺膜
2216,j干Y
2217,趺膜
2218,j干Y
2219,趺膜
2220,j干Y
2221,趺膜
2222,j干Y
2223,趺膜
2224,j干Y
2225,趺膜
2226,j干Y
2227,趺膜
2228,j干Y
2229,趺膜
2230,j干Y
2231,趺膜
2232,j干Y
2233,趺膜
2234,j干Y
2235,趺膜
2236,j干Y
2237,趺膜
2238,j干Y
2239,趺膜
2240,j干Y
2241,趺膜
2242,j干Y
2243,趺膜
2244,j干Y
2245,趺膜
2246,j干Y
2247,趺膜
2248,j干Y
2249,趺膜
2250,j干Y
2251,趺膜
2252,j干Y
2253,趺膜
2254,j干Y
2255,趺膜
2256,j干Y
2257,趺膜
2258,j干Y
2259,趺膜
2260,j干Y
2261,趺膜
2262,j干Y
2263,趺膜
2264,j干Y
2265,趺膜
2266,j干Y
2267,趺膜
2268,j干Y
2269,趺膜
2270,j干Y
2271,趺膜
2272,j干Y
2273,趺膜
2274,j干Y
2275,趺膜
2276,j干Y
2277,趺膜
2278,j干Y
2279,趺膜
2280,j干Y
2281,趺膜
2282,j干Y
2283,趺膜
2284,j干Y
2285,趺膜
2286,j干Y
2287,趺膜
2288,j干Y
2289,趺膜
2290,j干Y
2291,趺膜
2292,j干Y
2293,趺膜
2294,j干Y
2295,趺膜
2296,j干Y
2297,趺膜
2298,j干Y
2299,趺膜
2300,j干Y
2301,趺膜
2302,j干Y
2303,趺膜
2304,j干Y
2305,趺膜
2306,j干Y
2307,趺膜
2308,j干Y
2309,趺膜
2310,j干Y
2311,趺膜
2312,j干Y
2313,趺膜
2314,j干Y
2315,趺膜
2316,j干Y
2317,趺膜
2318,j干Y
2319,趺膜
2320,j干Y
2321,趺膜
2322,j干Y
2323,趺膜
2324,j干Y
2325,趺膜
2326,j干Y
2327,趺膜
2328,j干Y
2329,趺膜
2330,j干Y
2331,趺膜
2332,j干Y
2333,趺膜
2334,j干Y
2335,趺膜
2336,j干Y
2337,趺膜
2338,j干Y
2339,趺膜
2340,j干Y
2341,趺膜
2342,j干Y
2343,趺膜
2344,j干Y
2345,趺膜
2346,j干Y
2347,趺膜
2348,j干Y
2349,趺膜
2350,j干Y
2351,趺膜
2352,j干Y
2353,趺膜
2354,j干Y
2355,趺膜
2356,j干Y
2357,趺膜
2358,j干Y
2359,趺膜
2360,j干Y
2361,趺膜
2362,j干Y
2363,趺膜
2364,j干Y
2365,趺膜
2366,j干Y
2367,趺膜
2368,j干Y
2369,趺膜
2370,j干Y
2371,趺膜
2372,j干Y
2373,趺膜
2374,j干Y
2375,趺膜
2376,j干Y
2377,趺膜
2378,j干Y
2379,趺膜
2380,j干Y
2381,趺膜
2382,j干Y
2383,趺膜
2384,j干Y
2385,趺膜
2386,j干Y
2387,趺膜
2388,j干Y
2389,趺膜
2390,j干Y
2391,趺膜
2392,j干Y
2393,趺膜
2394,j干Y
2395,趺膜
2396,j干Y
2397,趺膜
2398,j干Y
2399,趺膜
2400,j干Y
2401,趺膜
2402,j干Y
2403,趺膜
2404,j干Y
2405,趺膜
2406,j干Y
2407,趺膜
2408,j干Y
2409,趺膜
2410,j干Y
2411,趺膜
2412,j干Y
2413,趺膜
2414,j干Y
2415,趺膜
2416,j干Y
2417,趺膜
2418,j干Y
2419,趺膜
2420,j干Y
2421,趺膜
2422,j干Y
2423,趺膜
2424,j干Y
2425,趺膜
2426,j干Y
2427,趺膜
2428,j干Y
2429,趺膜
2430,j干Y
2431,趺膜
2432,j干Y
2433,趺膜
2434,j干Y
2435,趺膜
2436,j干Y
2437,趺膜
2438,j干Y
2439,趺膜
2440,j干Y
2441,趺膜
2442,j干Y
2443,趺膜
2444,j干Y
2445,趺膜
2446,j干Y
2447,趺膜
2448,j干Y
2449,趺膜
2450,j干Y
2451,趺膜
2452,j干Y
2453,趺膜
2454,j干Y
2455,趺膜
2456,j干Y
2457,趺膜
2458,j干Y
2459,趺膜
2460,j干Y
2461,趺膜
2462,j干Y
2463,趺膜
2464,j干Y
2465,趺膜
2466,j干Y
2467,趺膜
2468,j干Y
2469,趺膜
2470,j干Y
2471,趺膜
2472,j干Y
2473,趺膜
2474,j干Y
2475,趺膜
2476,j干Y
2477,趺膜
2478,j干Y
2479,趺膜
2480,j干Y
2481,趺膜
2482,j干Y
2483,趺膜
2484,j干Y
2485,趺膜
2486,j干Y
2487,趺膜
2488,j干Y
2489,趺膜
2490,j干Y
2491,趺膜
2492,j干Y
2493,趺膜
2494,j干Y
2495,趺膜
2496,j干Y
2497,趺膜
2498,j干Y
2499,趺膜
2500,j干Y
2501,趺膜
2502,j干Y
2503,趺膜
2504,j干Y
2505,趺膜
2506,j干Y
2507,趺膜
2508,j干Y
2509,趺膜
2510,j干Y
2511,趺膜
2512,j干Y
2513,趺膜
2514,j干Y
2515,趺膜
2516,j干Y
2517,趺膜
2518,j干Y
2519,趺膜
2520,j干Y
2521,趺膜
2522,j干Y
2523,趺膜
2524,j干Y
2525,趺膜
2526,j干Y
2527,趺膜
2528,j干Y
2529,趺膜
2530,j干Y
2531,趺膜
2532,j干Y
2533,趺膜
2534,j干Y
2535,趺膜
2536,j干Y
2537,趺膜
2538,j干Y
2539,趺膜
2540,j干Y
2541,趺膜
2542,j干Y
2543,趺膜
2544,j干Y
2545,趺膜
2546,j干Y
2547,趺膜
2548,j干Y
2549,趺膜
2550,j干Y
2551,趺膜
2552,j干Y
2553,趺膜
2554,j干Y
2555,趺膜
2556,j干Y
2557,趺膜
2558,j干Y
2559,趺膜
2560,j干Y
2561,趺膜
2562,j干Y
2563,趺膜
2564,j干Y
2565,趺膜
2566,j干Y
2567,趺膜
2568,j干Y
2569,趺膜
2570,j干Y
2571,趺膜
2572,j干Y
2573,趺膜
2574,j干Y
2575,趺膜
2576,j干Y
2577,趺膜
2578,j干Y
2579,趺膜
2580,j干Y
2581,趺膜
2582,j干Y
2583,趺膜
2584,j干Y
2585,趺膜
2586,j干Y
2587,趺膜
2588,j干Y
2589,趺膜
2590,j干Y
2591,趺膜
2592,j干Y
2593,趺膜
2594,j干Y
2595,趺膜
2596,j干Y
2597,趺膜
2598,j干Y
2599,趺膜
2600,j干Y
2601,趺膜
2602,j干Y
2603,趺膜
2604,j干Y
2605,趺膜
2606,j干Y
2607,趺膜
2608,j干Y
2609,趺膜
2610,j干Y
2611,趺膜
2612,j干Y
2613,趺膜
2614,j干Y
2615,趺膜
2616,j干Y
2617,趺膜
2618,j干Y
2619,趺膜
2620,j干Y
2621,趺膜
2622,j干Y
2623,趺膜
2624,j干Y
2625,趺膜
2626,j干Y
2627,趺膜
2628,j干Y
2629,趺膜
2630,j干Y
2631,趺膜
2632,j干Y
2633,趺膜
2634,j干Y
2635,趺膜
2636,j干Y
2637,趺膜
2638,j干Y
2639,趺膜
2640,j干Y
2641,趺膜
2642,j干Y
2643,趺膜
2644,j干Y
2645,趺膜
2646,j干Y
2647,趺膜
2648,j干Y
2649,趺膜
2650,j干Y
2651,趺膜
2652,j干Y
2653,趺膜
2654,j干Y
2655,趺膜
2656,j干Y
2657,趺膜
2658,j干Y
2659,趺膜
2660,j干Y
2661,趺膜
2662,j干Y
2663,趺膜
2664,j干Y
2665,趺膜
2666,j干Y
2667,趺膜
2668,j干Y
2669,趺膜
2670,j干Y
2671,趺膜
2672,j干Y
2673,趺膜
2674,j干Y
2675,趺膜
2676,j干Y
2677,趺膜
2678,j干Y
2679,趺膜
2680,j干Y
2681,趺膜
2682,j干Y
2683,趺膜
2684,j干Y
2685,趺膜
2686,j干Y
2687,趺膜
2688,j干Y
2689,趺膜
2690,j干Y
2691,趺膜
2692,j干Y
2693,趺膜
2694,j干Y
2695,趺膜
2696,j干Y
2697,趺膜
2698,j干Y
2699,趺膜
2700,j干Y
2701,趺膜
2702,j干Y
2703,趺膜
2704,j干Y
2705,趺膜
2706,j干Y
2707,趺膜
2708,j干Y
2709,趺膜
2710,j干Y
2711,趺膜
2712,j干Y
2713,趺膜
2714,j干Y
2715,趺膜
2716,j干Y
2717,趺膜
2718,j干Y
2719,趺膜
2720,j干Y
2721,趺膜
2722,j干Y
2723,趺膜
2724,j干Y
2725,趺膜
2726,j干Y
2727,趺膜
2728,j干Y
2729,趺膜
2730,j干Y
2731,趺膜
2732,j干Y
2733,趺膜
2734,j干Y
2735,趺膜
2736,j干Y
2737,趺膜
2738,j干Y
2739,趺膜
2740,j干Y
2741,趺膜
2742,j干Y
2743,趺膜
2744,j干Y
2745,趺膜
2746,j干Y
2747,趺膜
2748,j干Y
2749,趺膜
2750,j干Y
2751,趺膜
2752,j干Y
2753,趺膜
2754,j干Y
2755,趺膜
2756,j干Y
2757,趺膜
2758,j干Y
2759,趺膜
2760,j干Y
2761,趺膜
2762,j干Y
2763,趺膜
2764,j干Y
2765,趺膜
2766,j干Y
2767,趺膜
2768,j干Y
2769,趺膜
2770,j干Y
2771,趺膜
2772,j干Y
2773,趺膜
2774,j干Y
2775,趺膜
2776,j干Y
2777,趺膜
2778,j干Y
2779,趺膜
2780,j干Y
2781,趺膜
2782,j干Y
2783,趺膜
2784,j干Y
2785,趺膜
2786,j干Y
2787,趺膜
2788,j干Y
2789,趺膜
2790,j干Y
2791,趺膜
2792,j干Y
2793,趺膜
2794,j干Y
2795,趺膜
2796,j干Y
2797,趺膜
2798,j干Y
2799,趺膜
2800,j干Y
2801,趺膜
2802,j干Y
2803,趺膜
2804,j干Y
2805,趺膜
2806,j干Y
2807,趺膜
2808,j干Y
2809,趺膜
2810,j干Y
2811,趺膜
2812,j干Y
2813,趺膜
2814,j干Y
2815,趺膜
2816,j干Y
2817,趺膜
2818,j干Y
2819,趺膜
2820,j干Y
2821,趺膜
2822,j干Y
2823,趺膜
2824,j干Y
2825,趺膜
2826,j干Y
2827,趺膜
2828,j干Y
2829,趺膜
2830,j干Y
2831,趺膜
2832,j干Y
2833,趺膜
2834,j干Y
2835,趺膜
2836,j干Y
2837,趺膜
2838,j干Y
2839,趺膜
2840,j干Y
2841,趺膜
2842,j干Y
2843,趺膜
2844,j干Y
2845,趺膜
2846,j干Y
2847,趺膜
2848,j干Y
2849,趺膜
2850,j干Y
2851,趺膜
2852,j干Y
2853,趺膜
2854,j干Y
2855,趺膜
2856,j干Y
2857,趺膜
2858,j干Y
2859,趺膜
2860,j干Y
2861,趺膜
2862,j干Y
2863,趺膜
2864,j干Y
2865,趺膜
2866,j干Y
2867,趺膜
2868,j干Y
2869,趺膜
2870,j干Y
2871,趺膜
2872,j干Y
2873,趺膜
2874,j干Y
2875,趺膜
2876,j干Y
2877,趺膜
2878,j干Y
2879,趺膜
2880,j干Y
2881,趺膜
2882,j干Y
2883,趺膜
2884,j干Y
2885,趺膜
2886,j干Y
2887,趺膜
2888,j干Y
2889,趺膜
2890,j干Y
2891,趺膜
2892,j干Y
2893,趺膜
2894,j干Y
2895,趺膜
2896,j干Y
2897,趺膜
2898,j干Y
2899,趺膜
2900,j干Y
2901,趺膜
2902,j干Y
2903,趺膜
2904,j干Y
2905,趺膜
2906,j干Y
2907,趺膜
2908,j干Y
2909,趺膜
2910,j干Y
2911,趺膜
2912,j干Y
2913,趺膜
2914,j干Y
2915,趺膜
2916,j干Y
2917,趺膜
2918,j干Y
2919,趺膜
2920,j干Y
2921,趺膜
2922,j干Y
2923,趺膜
2924,j干Y
2925,趺膜
2926,j干Y
2927,趺膜
2928,j干Y
2929,趺膜
2930,j干Y
2931,趺膜
2932,j干Y
2933,趺膜
2934,j干Y
2935,趺膜
2936,j干Y
2937,趺膜
2938,j干Y
2939,趺膜
2940,j干Y
2941,趺膜
2942,j干Y
2943,趺膜
2944,j干Y
2945,趺膜
2946,j干Y
2947,趺膜
2948,j干Y
2949,趺膜
2950,j干Y
2951,趺膜
2952,j干Y
2953,趺膜
2954,j干Y
2955,趺膜
2956,j干Y
2957,趺膜
2958,j干Y
2959,趺膜
2960,j干Y
2961,趺膜
2962,j干Y
2963,趺膜
2964,j干Y
2965,趺膜
2966,j干Y
2967,趺膜
2968,j干Y
2969,趺膜
2970,j干Y
2971,趺膜
2972,j干Y
2973,趺膜
2974,j干Y
2975,趺膜
2976,j干Y
2977,趺膜
2978,j干Y
2979,趺膜
2980,j干Y
2981,趺膜
2982,j干Y
2983,趺膜
2984,j干Y
2985,趺膜
2986,j干Y
2987,趺膜
2988,j干Y
2989,趺膜
2990,j干Y
2991,趺膜
2992,j干Y
2993,趺膜
2994,j干Y
2995,趺膜
2996,j干Y
2997,趺膜
2998,j干Y
2999,趺膜
3000,j干Y
3001,趺膜
3002,j干Y
3003,趺膜
3004,j干Y
3005,趺膜
3006,j干Y
3007,趺膜
3008,j干Y
3009,趺膜
3010,j干Y
3011,趺膜
3012,j干Y
3013,趺膜
3014,j干Y
3015,趺膜
3016,j干Y
3017,趺膜
3018,j干Y
3019,趺膜
3020,j干Y
3021,趺膜
3022,j干Y
3023,趺膜
3024,j干Y
3025,趺膜
3026,j干Y
3027,趺膜
3028,j干Y
3029,趺膜
3030,j干Y
3031,趺膜
3032,j干Y
3033,趺膜
3034,j干Y
3035,趺膜
3036,j干Y
3037,趺膜
3038,j干Y
3039,趺膜
3040,j干Y
3041,趺膜
3042,j干Y
3043,趺膜
3044,j干Y
3045,趺膜
3046,j干Y
3047,趺膜
3048,j干Y
3049,趺膜
3050,j干Y
3051,趺膜
3052,j干Y
3053,趺膜
3054,j干Y
3055,趺膜
3056,j干Y
3057,趺膜
3058,j干Y
3059,趺膜
3060,j干Y
3061,趺膜
3062,j干Y
3063,趺膜
3064,j干Y
3065,趺膜
3066,j干Y
3067,趺膜
3068,j干Y
3069,趺膜
3070,j干Y
3071,趺膜
3072,j干Y
3073,趺膜
3074,j干Y
3075,趺膜
3076,j干Y
3077,趺膜
3078,j干Y
3079,趺膜
3080,j干Y
3081,趺膜
3082,j干Y
3083,趺膜
3084,j干Y
3085,趺膜
3086,j干Y
3087,趺膜
3088,j干Y
3089,趺膜
3090,j干Y
3091,趺膜
3092,j干Y
3093,趺膜
3094,j干Y
3095,趺膜
3096,j干Y
3097,趺膜
3098,j干Y
3099,趺膜
3100,j干Y
3101,趺膜
3102,j干Y
3103,趺膜
3104,j干Y
3105,趺膜
3106,j干Y
3107,趺膜
3108,j干Y
3109,趺膜
3110,j干Y
3111,趺膜
3112,j干Y
3113,趺膜
3114,j干Y
3115,趺膜
3116,j干Y
3117,趺膜
3118,j干Y
3119,趺膜
3120,j干Y
3121,趺膜
3122,j干Y
3123,趺膜
3124,j干Y
3125,趺膜
3126,j干Y
3127,趺膜
3128,j干Y
3129,趺膜
3130,j干Y
3131,趺膜
3132,j干Y
3133,趺膜
3134,j干Y
3135,趺膜
3136,j干Y
3137,趺膜
3138,j干Y
3139,趺膜
3140,j干Y
3141,趺膜
3142,j干Y
3143,趺膜
3144,j干Y
3145,趺膜
3146,j干Y
3147,趺膜
3148,j干Y
3149,趺膜
3150,j干Y
3151,趺膜
3152,j干Y
3153,趺膜
3154,j干Y
3155,趺膜
3156,j干Y
3157,趺膜
3158,j干Y
3159,趺膜
3160,j干Y
3161,趺膜
3162,j干Y
3163,趺膜
3164,j干Y
3165,趺膜
3166,j干Y
3167,趺膜
3168,j干Y
3169,趺膜
3170,j干Y
3171,趺膜
3172,j干Y
3173,趺膜
3174,j干Y
3175,趺膜
3176,j干Y
3177,趺膜
3178,j干Y
3179,趺膜
3180,j干Y
3181,趺膜
3182,j干Y
3183,趺膜
3184,j干Y
3185,趺膜
3186,j干Y
3187,趺膜
3188,j干Y
3189,趺膜
3190,j干Y
3191,趺膜
3192,j干Y
3193,趺膜
3194,j干Y
3195,趺膜
3196,j干Y
3197,趺膜
3198,j干Y
3199,趺膜
3200,j干Y
3201,趺膜
3202,j干Y
3203,趺膜
3204,j干Y
3205,趺膜
3206,j干Y
3207,趺膜
3208,j干Y
3209,趺膜
3210,j干Y
3211,趺膜
3212,j干Y
3213,趺膜
3214,j干Y
3215,趺膜
3216,j干Y
3217,趺膜
3218,j干Y
3219,趺膜
3220,j干Y
3221,趺膜
3222,j干Y
3223,趺膜
3224,j干Y
3225,趺膜
3226,j干Y
3227,趺膜
3228,j干Y
3229,趺膜
3230,j干Y
3231,趺膜
3232,j干Y
3233,趺膜
3234,j干Y
3235,趺膜
3236,j干Y
3237,趺膜
3238,j干Y
3239,趺膜
3240,j干Y
3241,趺膜
3242,j干Y
3243,趺膜
3244,j干Y
3245,趺膜
3246,j干Y
3247,趺膜
3248,j干Y
3249,趺膜
3250,j干Y
3251,趺膜
3252,j干Y
3253,趺膜
3254,j干Y
3255,趺膜
3256,j干Y
3257,趺膜
3258,j干Y
3259,趺膜
3260,j干Y
3261,趺膜
3262,j干Y
3263,趺膜
3264,j干Y
3265,趺膜
3266,j干Y
3267,趺膜
3268,j干Y
3269,趺膜
3270,j干Y
3271,趺膜
3272,j干Y
3273,趺膜
3274,j干Y
3275,趺膜
3276,j干Y
3277,趺膜
3278,j干Y
3279,趺膜
3280,j干Y
3281,趺膜
3282,j干Y
3283,趺膜
3284,j干Y
3285,趺膜
3286,j干Y
3287,趺膜
3288,j干Y
3289,趺膜
3290,j干Y
3291,趺膜
3292,j干Y
3293,趺膜
3294,j干Y
3295,趺膜
3296,j干Y
3297,趺膜
3298,j干Y
3299,趺膜
3300,j干Y
3301,趺膜
3302,j干Y
3303,趺膜
3304,j干Y
3305,趺膜
3306,j干Y
3307,趺膜
3308,j干Y
3309,趺膜
3310,j干Y
3311,趺膜
3312,j干Y
3313,趺膜
3314,j干Y
3315,趺膜
3316,j干Y
3317,趺膜
3318,j干Y
3319,趺膜
3320,j干Y
3321,趺膜
3322,j干Y
3323,趺膜
3324,j干Y
3325,趺膜
3326,j干Y
3327,趺膜
3328,j干Y
3329,趺膜
3330,j干Y
3331,趺膜
3332,j干Y
3333,趺膜
3334,j干Y
3335,趺膜
3336,j干Y
3337,趺膜
3338,j干Y
3339,趺膜
3340,j干Y
3341,趺膜
3342,j干Y
3343,趺膜
3344,j干Y
3345,趺膜
3346,j干Y
3347,趺膜
3348,j干Y
3349,趺膜
3350,j干Y
3351,趺膜
3352,j干Y
3353,趺膜
3354,j干Y
3355,趺膜
3356,j干Y
3357,趺膜
3358,j干Y
3359,趺膜
3360,j干Y
3361,趺膜
3362,j干Y
3363,趺膜
3364,j干Y
3365,趺膜
3366,j干Y
3367,趺膜
3368,j干Y
3369,趺膜
3370,j干Y
3371,趺膜
3372,j干Y
3373,趺膜
3374,j干Y
3375,趺膜
3376,j干Y
3377,趺膜
3378,j干Y
3379,趺膜
3380,j干Y
3381,趺膜
3382,j干Y
3383,趺膜
3384,j干Y
3385,趺膜
3386,j干Y
3387,趺膜
3388,j干Y
3389,趺膜
3390,j干Y
3391,趺膜
3392,j干Y
3393,趺膜
3394,j干Y
3395,趺膜
3396,j干Y
3397,趺膜
3398,j干Y
3399,趺膜
3400,j干Y
3401,趺膜
3402,j干Y
3403,趺膜
3404,j干Y
3405,趺膜
3406,j干Y
3407,趺膜
3408,j干Y
3409,趺膜
3410,j干Y
3411,趺膜
3412,j干Y
3413,趺膜
3414,j干Y
3415,趺膜
3416,j干Y
3417,趺膜
3418,j干Y
3419,趺膜
3420,j干Y
3421,趺膜
3422,j干Y
3423,趺膜
3424,j干Y
3425,趺膜
3426,j干Y
3427,趺膜
3428,j干Y
3429,趺膜
3430,j干Y
3431,趺膜
3432,j干Y
3433,趺膜
3434,j干Y
3435,趺膜
3436,j干Y
3437,趺膜
3438,j干Y
3439,趺膜
3440,j干Y
3441,趺膜
3442,j干Y
3443,趺膜
3444,j干Y
3445,趺膜
3446,j干Y
3447,趺膜
3448,j干Y
3449,趺膜
3450,j干Y
3451,趺膜
3452,j干Y
3453,趺膜
3454,j干Y
3455,趺膜
3456,j干Y
3457,趺膜
3458,j干Y
3459,趺膜
3460,j干Y
3461,趺膜
3462,j干Y
3463,趺膜
3464,j干Y
3465,趺膜
3466,j干Y
3467,趺膜
3468,j干Y
3469,趺膜
3470,j干Y
3471,趺膜
3472,j干Y
3473,趺膜
3474,j干Y
3475,趺膜
3476,j干Y
3477,趺膜
3478,j干Y
3479,趺膜
3480,j干Y
3481,趺膜
3482,j干Y
3483,趺膜
3484,j干Y
3485,趺膜
3486,j干Y
3487,趺膜
3488,j干Y
3489,趺膜
3490,j干Y
3491,趺膜
3492,j干Y
3493,趺膜
3494,j干Y
3495,趺膜
3496,j干Y
3497,趺膜
3498,j干Y
3499,趺膜
3500,j干Y
3501,趺膜
3502,j干Y
3503,趺膜
3504,j干Y
3505,趺膜
3506,j干Y
3507,趺膜
3508,j干Y
3509,趺膜
3510,j干Y
3511,趺膜
3512,j干Y
3513,趺膜
3514,j干Y
3515,趺膜
3516,j干Y
3517,趺膜
3518,j干Y
3519,趺膜
3520,j干Y
3521,趺膜
3522,j干Y
3523,趺膜
3524,j干Y
3525,趺膜
3526,j干Y
3527,趺膜
3528,j干Y
3529,趺膜
3530,j干Y
3531,趺膜
3532,j干Y
3533,趺膜
3534,j干Y
3535,趺膜
3536,j干Y
3537,趺膜
3538,j干Y
3539,趺膜
3540,j干Y
3541,趺膜
3542,j干Y
3543,趺膜
3544,j干Y
3545,趺膜
3546,j干Y
3547,趺膜
3548,j干Y
3549,趺膜
3550,j干Y
3551,趺膜
3552,j干Y
3553,趺膜
3554,j干Y
3555,趺膜
3556,j干Y
3557,趺膜
3558,j干Y
3559,趺膜
3560,j干Y
3561,趺膜
3562,j干Y
3563,趺膜
3564,j干Y
3565,趺膜
3566,j干Y
3567,趺膜
3568,j干Y
3569,趺膜
3570,j干Y
3571,趺膜
3572,j干Y
3573,趺膜
3574,j干Y
3575,趺膜
3576,j干Y
3577,趺膜
3578,j干Y
3579,趺膜
3580,j干Y
3581,趺膜
3582,j干Y
3583,趺膜
3584,j干Y
3585,趺膜
3586,j干Y
3587,趺膜
3588,j干Y
3589,趺膜
3590,j干Y
3591,趺膜
3592,j干Y
3593,趺膜
3594,j干Y
3595,趺膜
3596,j干Y
3597,趺膜
3598,j干Y
3599,趺膜
3600,j干Y
3601,趺膜
3602,j干Y
3603,趺膜
3604,j干Y
3605,趺膜
3606,j干Y
3607,趺膜
3608,j干Y
3609,趺膜
3610,j干Y
3611,趺膜
3612,j干Y
3613,趺膜
3614,j干Y
3615,趺膜
3616,j干Y
3617,趺膜
3618,j干Y
3619,趺膜
3620,j干Y
3621,趺膜
3622,j干Y
3623,趺膜
3624,j干Y
3625,趺膜
3626,j干Y
3627,趺膜
3628,j干Y
3629,趺膜
3630,j干Y
3631,趺膜
3632,j干Y
3633,趺膜
3634,j干Y
3635,趺膜
3636,j干Y
3637,趺膜
3638,j干Y
3639,趺膜
3640,j干Y
3641,趺膜
3642,j干Y
3643,趺膜
3644,j干Y
3645,趺膜
3646,j干Y
3647,趺膜
3648,j干Y
3649,趺膜
3650,j干Y
3651,趺膜
3652,j干Y
3653,趺膜
3654,j干Y
3655,趺膜
3656,j干Y
3657,趺膜
3658,j干Y
3659,趺膜
3660,j干Y
3661,趺膜
3662,j干Y
3663,趺膜
3664,j干Y
3665,趺膜
3666,j干Y
3667,趺膜
3668,j干Y
3669,趺膜
3670,j干Y
3671,趺膜
3672,j干Y
3673,趺膜
3674,j干Y
3675,趺膜
3676,j干Y
3677,趺膜
3678,j干Y
3679,趺膜
3680,j干Y
3681,趺膜
3682,j干Y
3683,趺膜
3684,j干Y
3685,趺膜
3686,j干Y
3687,趺膜
3688,j干Y
3689,趺膜
3690,j干Y
3691,趺膜
3692,j干Y
3693,趺膜
3694,j干Y
3695,趺膜
3696,j干Y
3697,趺膜
3698,j干Y
3699,趺膜
3700,j干Y
3701,趺膜
3702,j干Y
3703,趺膜
3704,j干Y
3705,趺膜
3706,j干Y
3707,趺膜
3708,j干Y
3709,趺膜
3710,j干Y
3711,趺膜
3712,j干Y
3713,趺膜
3714,j干Y
3715,趺膜
3716,j干Y
3717,趺膜
3718,j干Y
3719,趺膜
3720,j干Y
3721,趺膜
3722,j干Y
3723,趺膜
3724,j干Y
3725,趺膜
3726,j干Y
3727,趺膜
3728,j干Y
3729,趺膜
3730,j干Y
3731,趺膜
3732,j干Y
3733,趺膜
3734,j干Y
3735,趺膜
3736,j干Y
3737,趺膜
3738,j干Y
3739,趺膜
3740,j干Y
3741,趺膜
3742,j干Y
3743,趺膜
3744,j干Y
3745,趺膜
3746,j干Y
3747,趺膜
3748,j干Y
3749,趺膜
3750,j干Y
3751,趺膜
3752,j干Y
3753,趺膜
3754,j干Y
3755,趺膜
3756,j干Y
3757,趺膜
3758,j干Y
3759,趺膜
3760,j干Y
3761,趺膜
3762,j干Y
3763,趺膜
3764,j干Y
3765,趺膜
3766,j干Y
3767,趺膜
3768,j干Y
3769,趺膜
3770,j干Y
3771,趺膜
3772,j干Y
3773,趺膜
3774,j干Y
3775,趺膜
3776,j干Y
3777,趺膜
3778,j干Y
3779,趺膜
3780,j干Y
3781,趺膜
3782,j干Y
3783,趺膜
3784,j干Y
3785,趺膜
3786,j干Y
3787,趺膜
3788,j干Y
3789,趺膜
3790,j干Y
3791,趺膜
3792,j干Y
3793,趺膜
3794,j干Y
3795,趺膜
3796,j干Y
3797,趺膜
3798,j干Y
3799,趺膜
3800,j干Y
3801,趺膜
3802,j干Y
3803,趺膜
3804,j干Y
3805,趺膜
3806,j干Y
3807,趺膜
3808,j干Y
3809,趺膜
3810,j干Y
3811,趺膜
3812,j干Y
3813,趺膜
3814,j干Y
3815,趺膜
3816,j干Y
3817,趺膜
3818,j干Y
3819,趺膜
3820,j干Y
3821,趺膜
3822,j干Y
3823,趺膜
3824,j干Y
3825,趺膜
3826,j干Y
3827,趺膜
3828,j干Y
3829,趺膜
3830,j干Y
3831,趺膜
3832,j干Y
3833,趺膜
3834,j干Y
3835,趺膜
3836,j干Y
3837,趺膜
3838,j干Y
3839,趺膜
3840,j干Y
3841,趺膜
3842,j干Y
3843,趺膜
3844,j干Y
3845,趺膜
3846,j干Y
3847,趺膜
3848,j干Y
3849,趺膜
3850,j干Y
3851,趺膜
3852,j干Y
3853,趺膜
3854,j干Y
3855,趺膜
3856,j干Y
3857,趺膜
3858,j干Y
3859,趺膜
3860,j干Y
3861,趺膜
3862,j干Y
3863,趺膜
3864,j干Y
3865,趺膜
3866,j干Y
3867,趺膜
3868,j干Y
3869,趺膜
3870,j干Y
3871,趺膜
3872,j干Y
3873,趺膜
3874,j干Y
3875,趺膜
3876,j干Y
3877,趺膜
3878,j干Y
3879,趺膜
3880,j干Y
3881,趺膜
3882,j干Y
3883,趺膜
3884,j干Y
3885,趺膜
3886,j干Y
3887,趺膜
3888,j干Y
3889,趺膜
3890,j干Y
3891,趺膜
3892,j干Y
3893,趺膜
3894,j干Y
3895,趺膜
3896,j干Y
3897,趺膜
3898,j干Y
3899,趺膜
3900,j干Y
3901,趺膜
3902,j干Y
3903,趺膜
3904,j干Y
3905,趺膜
3906,j干Y
3907,趺膜
3908,j干Y
3909,趺膜
3910,j干Y
3911,趺膜
3912,j干Y
3913,趺膜
3914,j干Y
3915,趺膜
3916,j干Y
3917,趺膜
3918,j干Y
3919,趺膜
3920,j干Y
3921,趺膜
3922,j干Y
3923,趺膜
3924,j干Y
3925,趺膜
3926,j干Y
3927,趺膜
3928,j干Y
3929,趺膜
3930,j干Y
3931,趺膜
3932,j干Y
3933,趺膜
3934,j干Y
3935,趺膜
3936,j干Y
3937,趺膜
3938,j干Y
3939,趺膜
3940,j干Y
3941,趺膜
3942,j干Y
3943,趺膜
3944,j干Y
3945,趺膜
3946,j干Y
3947,趺膜
3948,j干Y
3949,趺膜
3950,j干Y
3951,趺膜
3952,j干Y
3953,趺膜
3954,j干Y
3955,趺膜
3956,j干Y
3957,趺膜
3958,j干Y
3959,趺膜
3960,j干Y
3961,趺膜
3962,j干Y
3963,趺膜
3964,j干Y
3965,趺膜
3966,j干Y
3967,趺膜
3968,j干Y
3969,趺膜
3970,j干Y
3971,趺膜
3972,j干Y
3973,趺膜
3974,j干Y
3975,趺膜
3976,j干Y
3977,趺膜
3978,j干Y
3979,趺膜
3980,j干Y
3981,趺膜
3982,j干Y
3983,趺膜
3984,j干Y
3985,趺膜
3986,j干Y
3987,趺膜
3988,j干Y
3989,趺膜
3990,j干Y
3991,趺膜
3992,j干Y
3993,趺膜
3994,j干Y
3995,趺膜
3996,j干Y
3997,趺膜
3998,j干Y
3999,趺膜
4000,j干Y
4001,趺膜
4002,j干Y
4003,趺膜
4004,j干Y
4005,趺膜
4006,j干Y
4007,趺膜
4008,j干Y
4009,趺膜
4010,j干Y
4011,趺膜
4012,j干Y
4013,趺膜
4014,j干Y
4015,趺膜
4016,j干Y
4017,趺膜
4018,j干Y
4019,趺膜
4020,j干Y
4021,趺膜
4022,j干Y
4023,趺膜
4024,j干Y
4025,趺膜
4026,j干Y
4027,趺膜
4028,j干Y
4029,趺膜
4030,j干Y
4031,趺膜
4032,j干Y
4033,趺膜
4034,j干Y
4035,趺膜
4036,j干Y
4037,趺膜
4038,j干Y
4039,趺膜
4040,j干Y
4041,趺膜
4042,j干Y
4043,趺膜
4044,j干Y
4045,趺膜
4046,j干Y
4047,趺膜
4048,j干Y
4049,趺膜
4050,j干Y
4051,趺膜
4052,j干Y
4053,趺膜
4054,j干Y
4055,趺膜
4056,j干Y
4057,趺膜
4058,j干Y
4059,趺膜
4060,j干Y
4061,趺膜
4062,j干Y
4063,趺膜
4064,j干Y
4065,趺膜
4066,j干Y
4067,趺膜
4068,j干Y
4069,趺膜
4070,j干Y
4071,趺膜
4072,j干Y
4073,趺膜
4074,j干Y
4075,趺膜
4076,j干Y
4077,趺膜
4078,j干Y
4079,趺膜
4080,j干Y
4081,趺膜
4082,j干Y
4083,趺膜
4084,j干Y
4085,趺膜
4086,j干Y
4087,趺膜
4088,j干Y
4089,趺膜
4090,j干Y
4091,趺膜
4092,j干Y
4093,趺膜
4094,j干Y
4095,趺膜
4096,j干Y
4097,趺膜
4098,j干Y
4099,趺膜
4100,j干Y
4101,趺膜
4102,j干Y
4103,趺膜
4104,j干Y
4105,趺膜
4106,j干Y
4107,趺膜
4108,j干Y
4109,趺膜
4110,j干Y
4111,趺膜
4112,j干Y
4113,趺膜
4114,j干Y
4115,趺膜
4116,j干Y
4117,趺膜
4118,j干Y
4119,趺膜
4120,j干Y
4121,趺膜
4122,j干Y
4123,趺膜
4124,j干Y
4125,趺膜
4126,j干Y
4127,趺膜
4128,j干Y
4129,趺膜
4130,j干Y
4131,趺膜
4132,j干Y
4133,趺膜
4134,j干Y
4135,趺膜
4136,j干Y
4137,趺膜
4138,j干Y
4139,趺膜
4140,j干Y
4141,趺膜
4142,j干Y
4143,趺膜
4144,j干Y
4145,趺膜
4146,j干Y
4147,趺膜
4148,j干Y
4149,趺膜
4150,j干Y
4151,趺膜
4152,j干Y
4153,趺膜
4154,j干Y
4155,趺膜
4156,j干Y
4157,趺膜
4158,j干Y
4159,趺膜
4160,j干Y
4161,趺膜
4162,j干Y
4163,趺膜
4164,j干Y
4165,趺膜
4166,j干Y
4167,趺膜
4168,j干Y
4169,趺膜
4170,j干Y
4171,趺膜
4172,j干Y
4173,趺膜
4174,j干Y
4175,趺膜
4176,j干Y
4177,趺膜
4178,j干Y
4179,趺膜
4180,j干Y
4181,趺膜
4182,j干Y
4183,趺膜
4184,j干Y
4185,趺膜
4186,j干Y
4187,趺膜
4188,j干Y
4189,趺膜
4190,j干Y
4191,趺膜
4192,j干Y
4193,趺膜
4194,j干Y
4195,趺膜
4196,j干Y
4197,趺膜
4198,j干Y
4199,趺膜
4200,j干Y
4201,趺膜
4202,j干Y
4203,趺膜
4204,j干Y
4205,趺膜
4206,j干Y
4207,趺膜
4208,j干Y
4209,趺膜
4210,j干Y
4211,趺膜
4212,j干Y
4213,趺膜
4214,j干Y
4215,趺膜
4216,j干Y
4217,趺膜
4218,j干Y
4219,趺膜
4220,j干Y
4221,趺膜
4222,j干Y
4223,趺膜
4224,j干Y
4225,趺膜
4226,j干Y
4227,趺膜
4228,j干Y
4229,趺膜
4230,j干Y
4231,趺膜
4232,j干Y
4233,趺膜
4234,j干Y
4235,趺膜
4236,j干Y
4237,趺膜
4238,j干Y
4239,趺膜
4240,j干Y
4241,趺膜
4242,j干Y
4243,趺膜
4244,j干Y
4245,趺膜
4246,j干Y
4247,趺膜
4248,j干Y
4249,趺膜
4250,j干Y
4251,趺膜
4252,j干Y
4253,趺膜
4254,j干Y
4255,趺膜
4256,j干Y
4257,趺膜
4258,j干Y
4259,趺膜
4260,j干Y
4261,趺膜
4262,j干Y
4263,趺膜
4264,j干Y
4265,趺膜
4266,j干Y
4267,趺膜
4268,j干Y
4269,趺膜
4270,j干Y
4271,趺膜
4272,j干Y
4273,趺膜
4274,j干Y
4275,趺膜
4276,j干Y
4277,趺膜
4278,j干Y
4279,趺膜
4280,j干Y
4281,趺膜
4282,j干Y
4283,趺膜
4284,j干Y
4285,趺膜
4286,j干Y
4287,趺膜
4288,j干Y
4289,趺膜
4290,j干Y
4291,趺膜
4292,j干Y
4293,趺膜
4294,j干Y
4295,趺膜
4296,j干Y
4297,趺膜
4298,j干Y
4299,趺膜
4300,j干Y
4301,趺膜
4302,j干Y
4303,趺膜
4304,j干Y
4305,趺膜
4306,j干Y
4307,趺膜
4308,j干Y
4309,趺膜
4310,j干Y
4311,趺膜
4312,j干Y
4313,趺膜
4314,j干Y
4315,趺膜
4316,j干Y
4317,趺膜
4318,j干Y
4319,趺膜
4320,j干Y
4321,趺膜
4322,j干Y
4323,趺膜
4324,j干Y
4325,趺膜
4326,j干Y
4327,趺膜
4328,j干Y
4329,趺膜
4330,j干Y
4331,趺膜
4332,j干Y
4333,趺膜
4334,j干Y
4335,趺膜
4336,j干Y
4337,趺膜
4338,j干Y
4339,趺膜
4340,j干Y
4341,趺膜
4342,j干Y
4343,趺膜
4344,j干Y
4345,趺膜
4346,j干Y
4347,趺膜
4348,j干Y
4349,趺膜
4350,j干Y
4351,趺膜
4352,j干Y
4353,趺膜
4354,j干Y
4355,趺膜
4356,j干Y
4357,趺膜
4358,j干Y
4359,趺膜
4360,j干Y
4361,趺膜
4362,j干Y
4363,趺膜
4364,j干Y
4365,趺膜
4366,j干Y
4367,趺膜
4368,j干Y
4369,趺膜
4370,j干Y
4371,趺膜
4372,j干Y
4373,趺膜
4374,j干Y
4375,趺膜
4376,j干Y
4377,趺膜
4378,j干Y
4379,趺膜
4380,j干Y
4381,趺膜
4382,j干Y
4383,趺膜
4384,j干Y
4385,趺膜
4386,j干Y
4387,趺膜
4388,j干Y
4389,趺膜
4390,j干Y
4391,趺膜
4392,j干Y
4393,趺膜
4394,j干Y
4395,趺膜
4396,j干Y
4397,趺膜
4398,j干Y
4399,趺膜
4400,j干Y
4401,趺膜
4402,j干Y
4403,趺膜
4404,j干Y
4405,趺膜
4406,j干Y
4407,趺膜
4408,j干Y
4409,趺膜
4410,j干Y
4411,趺膜
4412,j干Y
4413,趺膜
4414,j干Y
4415,趺膜
4416,j干Y
4417,趺膜
4418,j干Y
4419,趺膜
4420,j干Y
4421,趺膜
4422,j干Y
4423,趺膜
4424,j干Y
4425,趺膜
4426,j干Y
4427,趺膜
4428,j干Y
4429,趺膜
4430,j干Y
4431,趺膜
4432,j干Y
4433,趺膜
4434,j干Y
4435,趺膜
4436,j干Y
4437,趺膜
4438,j干Y
4439,趺膜
4440,j干Y
4441,趺膜
4442,j干Y
4443,趺膜
4444,j干Y
4445,趺膜
4446,j干Y
4447,趺膜
4448,j干Y
4449,趺膜
4450,j干Y
4451,趺膜
4452,j干Y
4453,趺膜
4454,j干Y
4455,趺膜
4456,j干Y
4457,趺膜
4458,j干Y
4459,趺膜
4460,j干Y
4461,趺膜
4462,j干Y
4463,趺膜
4464,j干Y
4465,趺膜
4466,j干Y
4467,趺膜
4468,j干Y
4469,趺膜
4470,j干Y
4471,趺膜
4472,j干Y
4473,趺膜
4474,j干Y
4475,趺膜
4476,j干Y
4477,趺膜
4478,j干Y
4479,趺膜
4480,j干Y
4481,趺膜
4482,j干Y
4483,趺膜
4484,j干Y
4485,趺膜
4486,j干Y
4487,趺膜
4488,j干Y
4489,趺膜
4490,j干Y
4491,趺膜
4492,j干Y
4493,趺膜
4494,j干Y
4495,趺膜
4496,j干Y
4497,趺膜
4498,j干Y
4499,趺膜
4500,j干Y
4501,趺膜
4502,j干Y
4503,趺膜
4504,j干Y
4505,趺膜
4506,j干Y
4507,趺膜
4508,j干Y
4509,趺膜
4510,j干Y
4511,趺膜
4512,j干Y
4513,趺膜
4514,j干Y
4515,趺膜
4516,j干Y
4517,趺膜
4518,j干Y
4519,趺膜
4520,j干Y
4521,趺膜
4522,j干Y
4523,趺膜
4524,j干Y
4525,趺膜
4526,j干Y
4527,趺膜
4528,j干Y
4529,趺膜
4530,j干Y
4531,趺膜
4532,j干Y
4533,趺膜
4534,j干Y
4535,趺膜
4536,j干Y
4537,趺膜
4538,j干Y
4539,趺膜
4540,j干Y
4541,趺膜
4542,j干Y
4543,趺膜
4544,j干Y
4545,趺膜
4546,j干Y
4547,趺膜
4548,j干Y
4549,趺膜
4550,j干Y
4551,趺膜
4552,j干Y
4553,趺膜
4554,j干Y
4555,趺膜
4556,j干Y
4557,趺膜
4558,j干Y
4559,趺膜
4560,j干Y
4561,趺膜
4562,j干Y
4563,趺膜
4564,j干Y
4565,趺膜
4566,j干Y
4567,趺膜
4568,j干Y
4569,趺膜
4570,j干Y
4571,趺膜
4572,j干Y
4573,趺膜
4574,j干Y
4575,趺膜
4576,j干Y
4577,趺膜
4578,j干Y
4579,趺膜
4580,j干Y
4581,趺膜
4582,j干Y
4583,趺膜
4584,j干Y
4585,趺膜
4586,j干Y
4587,趺膜
4588,j干Y
4589,趺膜
4590,j干Y
4591,趺膜
4592,j干Y
4593,趺膜
4594,j干Y
4595,趺膜
4596,j干Y
4597,趺膜
4598,j干Y
4599,趺膜
4600,j干Y
4601,趺膜
4602,j干Y
4603,趺膜
4604,j干Y
4605,趺膜
4606,j干Y
4607,趺膜
4608,j干Y
4609,趺膜
4610,j干Y
4611,趺膜
4612,j干Y
4613,趺膜
4614,j干Y
4615,趺膜
4616,j干Y
4617,趺膜
4618,j干Y
4619,趺膜
4620,j干Y
4621,趺膜
4622,j干Y
4623,趺膜
4624,j干Y
4625,趺膜
4626,j干Y
4627,趺膜
4628,j干Y
4629,趺膜
4630,j干Y
4631,趺膜
4632,j干Y
4633,趺膜
4634,j干Y
4635,趺膜
4636,j干Y
4637,趺膜
4638,j干Y
4639,趺膜
4640,j干Y
4641,趺膜
4642,j干Y
4643,趺膜
4644,j干Y
4645,趺膜
4646,j干Y
4647,趺膜
4648,j干Y
4649,趺膜
4650,j干Y
4651,趺膜
4652,j干Y
4653,趺膜
4654,j干Y
4655,趺膜
4656,j干Y
4657,趺膜
4658,j干Y
4659,趺膜
4660,j干Y
4661,趺膜
4662,j干Y
4663,趺膜
4664,j干Y
4665,趺膜
4666,j干Y
4667,趺膜
4668,j干Y
4669,趺膜
4670,j干Y
4671,趺膜
4672,j干Y
4673,趺膜
4674,j干Y
4675,趺膜
4676,j干Y
4677,趺膜
4678,j干Y
4679,趺膜
4680,j干Y
4681,趺膜
4682,j干Y
4683,趺膜
4684,j干Y
4685,趺膜
4686,j干Y
4687,趺膜
4688,j干Y
4689,趺膜
4690,j干Y
4691,趺膜
4692,j干Y
4693,趺膜
4694,j干Y
4695,趺膜
4696,j干Y
4697,趺膜
4698,j干Y
4699,趺膜
4700,j干Y
4701,趺膜
4702,j干Y
4703,趺膜
4704,j干Y
4705,趺膜
4706,j干Y
4707,趺膜
4708,j干Y
4709,趺膜
4710,j干Y
4711,趺膜
4712,j干Y
4713,趺膜
4714,j干Y
4715,趺膜
4716,j干Y
4717,趺膜
4718,j干Y
4719,趺膜
4720,j干Y
4721,趺膜
4722,j干Y
4723,趺膜
4724,j干Y
4725,趺膜
4726,j干Y
4727,趺膜
4728,j干Y
4729,趺膜
4730,j干Y
4731,趺膜
4732,j干Y
4733,趺膜
4734,j干Y
4735,趺膜
4736,j干Y
4737,趺膜
4738,j干Y
4739,趺膜
4740,j干Y
4741,趺膜
4742,j干Y
4743,趺膜
4744,j干Y
4745,趺膜
4746,j干Y
4747,趺膜
4748,j干Y
4749,趺膜
4750,j干Y
4751,趺膜
4752,j干Y
4753,趺膜
4754,j干Y
4755,趺膜
4756,j干Y
4757,趺膜
4758,j干Y
4759,趺膜
4760,j干Y
4761,趺膜
4762,j干Y
4763,趺膜
4764,j干Y
4765,趺膜
4766,j干Y
4767,趺膜
4768,j干Y
4769,趺膜
4770,j干Y
4771,趺膜
4772,j干Y
4773,趺膜
4774,j干Y
4775,趺膜
4776,j干Y
4777,趺膜
4778,j干Y
4779,趺膜
4780,j干Y
4781,趺膜
4782,j干Y
4783,趺膜
4784,j干Y
4785,趺膜
4786,j干Y
4787,趺膜
4788,j干Y
4789,趺膜
4790,j干Y
4791,趺膜
4792,j干Y
4793,趺膜
4794,j干Y
4795,趺膜
4796,j干Y
4797,趺膜
4798,j干Y
4799,趺膜
4800,j干Y
4801,趺膜
4802,j干Y
4803,趺膜
4804,j干Y
4805,趺膜
4806,j干Y
4807,趺膜
4808,j干Y
4809,趺膜
4810,j干Y
4811,趺膜
4812,j干Y
4813,趺膜
4814,j干Y
4815,趺膜
4816,j干Y
4817,趺膜
4818,j干Y
4819,趺膜
4820,j干Y
4821,趺膜
4822,j干Y
4823,趺膜
4824,j干Y
4825,趺膜
4826,j干Y
4827,趺膜
4828,j干Y
4829,趺膜
4830,j干Y
4831,趺膜
4832,j干Y
4833,趺膜
4834,j干Y
4835,趺膜
4836,j干Y
4837,趺膜
4838,j干Y
4839,趺膜
4840,j干Y
4841,趺膜
4842,j干Y
4843,趺膜
4844,j干Y
4845,趺膜
4846,j干Y
4847,趺膜
4848,j干Y
4849,趺膜
4850,j干Y
4851,趺膜
4852,j干Y
4853,趺膜
4854,j干Y
4855,趺膜
4856,j干Y
4857,趺膜
4858,j干Y
4859,趺膜
4860,j干Y
4861,趺膜
4862,j干Y
4863,趺膜
4864,j干Y
4865,趺膜
4866,j干Y
4867,趺膜
4868,j干Y
4869,趺膜
4870,j干Y
4871,趺膜
4872,j干Y
4873,趺膜
4874,j干Y
4875,趺膜
4876,j干Y
4877,趺膜
4878,j干Y
4879,趺膜
4880,j干Y
4881,趺膜
4882,j干Y
4883,趺膜
4884,j干Y
4885,趺膜
4886,j干Y
4887,趺膜
4888,j干Y
4889,趺膜
4890,j干Y
4891,趺膜
4892,j干Y
4893,趺膜
4894,j干Y
4895,趺膜
4896,j干Y
4897,趺膜
4898,j干Y
4899,趺膜
4900,j干Y
4901,趺膜
4902,j干Y
4903,趺膜
4904,j干Y
4905,趺膜
4906,j干Y
4907,趺膜
4908,j干Y
4909,趺膜
4910,j干Y
4911,趺膜
4912,j干Y
4913,趺膜
4914,j干Y
4915,趺膜
4916,j干Y
4917,趺膜
4918,j干Y
4919,趺膜
4920,j干Y
4921,趺膜
4922,j干Y
4923,趺膜
4924,j干Y
4925,趺膜
4926,j干Y
4927,趺膜
4928,j干Y
4929,趺膜
4930,j干Y
4931,趺膜
4932,j干Y
4933,趺膜
4934,j干Y
4935,趺膜
4936,j干Y
4937,趺膜
4938,j干Y
4939,趺膜
4940,j干Y
4941,趺膜
4942,j干Y
4943,趺膜
4944,j干Y
4945,趺膜
4946,j干Y
4947,趺膜
4948,j干Y
4949,趺膜
4950,j干Y
4951,趺膜
4952,j干Y
4953,趺膜
4954,j干Y
4955,趺膜
4956,j干Y
4957,趺膜
4958,j干Y
4959,趺膜
4960,j干Y
4961,趺膜
4962,j干Y
4963,趺膜
4964,j干Y
4965,趺膜
4966,j干Y
4967,趺膜
4968,j干Y
4969,趺膜
4970,j干Y
4971,趺膜
4972,j干Y
4973,趺膜
4974,j干Y
4975,趺膜
4976,j干Y
4977,趺膜
4978,j干Y
4979,趺膜
4980,j干Y
4981,趺膜
4982,j干Y
4983,趺膜
4984,j干Y
4985,趺膜
4986,j干Y
4987,趺膜
4988,j干Y
4989,趺膜
4990,j干Y
4991,趺膜
4992,j干Y
4993,趺膜
4994,j干Y
4995,趺膜
4996,j干Y
4997,趺膜
4998,j干Y
4999,趺膜
5000,j干Y
5001,趺膜
5002,j干Y
5003,趺膜
5004,j干Y
5005,趺膜
5006,j干Y
5007,趺膜
5008,j干Y
5009,趺膜
5010,j干Y
5011,趺膜
5012,j干Y
5013,趺膜
5014,j干Y
5015,趺膜
5016,j干Y
5017,趺膜
5018,j干Y
5019,趺膜
5020,j干Y
5021,趺膜
5022,j干Y
5023,趺膜
5024,j干Y
5025,趺膜
5026,j干Y
5027,趺膜
5028,j干Y
5029,趺膜
5030,j干Y
5031,趺膜
5032,j干Y
5033,趺膜
5034,j干Y
5035,趺膜
5036,j干Y
5037,趺膜
5038,j干Y
5039,趺膜
5040,j干Y
5041,趺膜
5042,j干Y
5043,趺膜
5044,j干Y
5045,趺膜
5046,j干Y
5047,趺膜
5048,j干Y
5049,趺膜
5050,j干Y
5051,趺膜
5052,j干Y
5053,趺膜
5054,j干Y
5055,趺膜
5056,j干Y
5057,趺膜
5058,j干Y
5059,趺膜
5060,j干Y
5061,趺膜
5062,j干Y
5063,趺膜
5064,j干Y
5065,趺膜
5066,j干Y
5067,趺膜
5068,j干Y
5069,趺膜
5070,j干Y
5071,趺膜
5072,j干Y
5073,趺膜
5074,j干Y
5075,趺膜
5076,j干Y
5077,趺膜
5078,j干Y
5079,趺膜
5080,j干Y
5081,趺膜
5082,j干Y
5083,趺膜
5084,j干Y
5085,趺膜
5086,j干Y
5087,趺膜
5088,j干Y
5089,趺膜
5090,j干Y
5091,趺膜
5092,j干Y
5093,趺膜
5094,j干Y
5095,趺膜
5096,j干Y
5097,趺膜
5098,j干Y
5099,趺膜
5100,j干Y
5101,趺膜
5102,j干Y
5103,趺膜
5104,j干Y
5105,趺膜
5106,j干Y
5107,趺膜
5108,j干Y
5109,趺膜
5110,j干Y
5111,趺膜
5112,j干Y
5113,趺膜
5114,j干Y
5115,趺膜
5116,j干Y
5117,趺膜
5118,j干Y
5119,趺膜
5120,j干Y
5121,趺膜
5122,j干Y
5123,趺膜
5124,j干Y
5125,趺膜
5126,j干Y
5127,趺膜
5128,j干Y
5129,趺膜
5130,j干Y
5131,趺膜
5132,j干Y
5133,趺膜
5134,j干Y
5135,趺膜
5136,j干Y
5137,趺膜
5138,j干Y
5139,趺膜
5140,j干Y
5141,趺膜
5142,j干Y
5143,趺膜
5144,j干Y
5145,趺膜
5146,j干Y
5147,趺膜
5148,j干Y
5149,趺膜
5150,j干Y
5151,趺膜
5152,j干Y
5153,趺膜
5154,j干Y
5155,趺膜
5156,j干Y
5157,趺膜
5158,j干Y
5159,趺膜
5160,j干Y
5161,趺膜
5162,j干Y
5163,趺膜
5164,j干Y
5165,趺膜
5166,j干Y
5167,趺膜
5168,j干Y
5169,趺膜
5170,j干Y
5171,趺膜
5172,j干Y
5173,趺膜
5174,j干Y
5175,趺膜
5176,j干Y
5177,趺膜
5178,j干Y
5179,趺膜
5180,j干Y
5181,趺膜
5182,j干Y
5183,趺膜
5184,j干Y
5185,趺膜
5186,j干Y
5187,趺膜
5188,j干Y
5189,趺膜
5190,j干Y
5191,趺膜
5192,j干Y
5193,趺膜
5194,j干Y
5195,趺膜
5196,j干Y
5197,趺膜
5198,j干Y
5199,趺膜
5200,j干Y
5201,趺膜
5202,j干Y
5203,趺膜
5204,j干Y
5205,趺膜
5206,j干Y
5207,趺膜
5208,j干Y
5209,趺膜
5210,j干Y
5211,趺膜
5212,j干Y
5213,趺膜
5214,j干Y
5215,趺膜
5216,j干Y
5217,趺膜
5218,j干Y
5219,趺膜
5220,j干Y
5221,趺膜
5222,j干Y
5223,趺膜
5224,j干Y
5225,趺膜
5226,j干Y
5227,趺膜
5228,j干Y
5229,趺膜
5230,j干Y
5231,趺膜
5232,j干Y
5233,趺膜
5234,j干Y
5235,趺膜
5236,j干Y
5237,趺膜
5238,j干Y
5239,趺膜
5240,j干Y
5241,趺膜
5242,j干Y
5243,趺膜
5244,j干Y
5245,趺膜
5246,j干Y
5247,趺膜
5248,j干Y
5249,趺膜
5250,j干Y
5251,趺膜
5252,j干Y
5253,趺膜
5254,j干Y
5255,趺膜
5256,j干Y
5257,趺膜
5258,j干Y
5259,趺膜
5260,j干Y
5261,趺膜
5262,j干Y
5263,趺膜
5264,j干Y
5265,趺膜
5266,j干Y
5267,趺膜
5268,j干Y
5269,趺膜
5270,j干Y
5271,趺膜
5272,j干Y
5273,趺膜
5274,j干Y
5275,趺膜
5276,j干Y
5277,趺膜
5278,j干Y
5279,趺膜
5280,j干Y
5281,趺膜
5282,j干Y
5283,趺膜
5284,j干Y
5285,趺膜
5286,j干Y
5287,趺膜
5288,j干Y
5289,趺膜
5290,j干Y
5291,趺膜
5292,j干Y
5293,趺膜
5294,j干Y
5295,趺膜
5296,j干Y
5297,趺膜
5298,j干Y
5299,趺膜
5300,j干Y
5301,趺膜
5302,j干Y
5303,趺膜
5304,j干Y
5305,趺膜
5306,j干Y
5307,趺膜
5308,j干Y
5309,趺膜
5310,j干Y
5311,趺膜
5312,j干Y
5313,趺膜
5314,j干Y
5315,趺膜
5316,j干Y
5317,趺膜
5318,j干Y
5319,趺膜
5320,j干Y
5321,趺膜
5322,j干Y
5323,趺膜
5324,j干Y
5325,趺膜
5326,j干Y
5327,趺膜
5328,j干Y
5329,趺膜
5330,j干Y
5331,趺膜
5332,j干Y
5333,趺膜
5334,j干Y
5335,趺膜
5336,j干Y
5337,趺膜
5338,j干Y
5339,趺膜
5340,j干Y
5341,趺膜
5342,j干Y
5343,趺膜
5344,j干Y
5345,趺膜
5346,j干Y
5347,趺膜
5348,j干Y
5349,趺膜
5350,j干Y
5351,趺膜
5352,j干Y
5353,趺膜
5354,j干Y
5355,趺膜
5356,j干Y
5357,趺膜
5358,j干Y
5359,趺膜
5360,j干Y
5361,趺膜
5362,j干Y
5363,趺膜
5364,j干Y
5365,趺膜
5366,j干Y
5367,趺膜
5368,j干Y
5369,趺膜
5370,j干Y
5371,趺膜
5372,j干Y
5373,趺膜
5374,j干Y
5375,趺膜
5376,j干Y
5377,趺膜
5378,j干Y
5379,趺膜
5380,j干Y
5381,趺膜
5382,j干Y
5383,趺膜
5384,j干Y
5385,趺膜
5386,j干Y
5387,趺膜
5388,j干Y
5389,趺膜
5390,j干Y
5391,趺膜
5392,j干Y
5393,趺膜
5394,j干Y
5395,趺膜
5396,j干Y
5397,趺膜
5398,j干Y
5399,趺膜
5400,j干Y
5401,趺膜
5402,j干Y
5403,趺膜
5404,j干Y
5405,趺膜
5406,j干Y
5407,趺膜
5408,j干Y
5409,趺膜
5410,j干Y
5411,趺膜
5412,j干Y
5413,趺膜
5414,j干Y
5415,趺膜
5416,j干Y
5417,趺膜
5418,j干Y
5419,趺膜
5420,j干Y
5421,趺膜
5422,j干Y
5423,趺膜
5424,j干Y
5425,趺膜
5426,j干Y
5427,趺膜
5428,j干Y
5429,趺膜
5430,j干Y
5431,趺膜
5432,j干Y
5433,趺膜
5434,j干Y
5435,趺膜
5436,j干Y
5437,趺膜
5438,j干Y
5439,趺膜
5440,j干Y
5441,趺膜
5442,j干Y
5443,趺膜
5444,j干Y
5445,趺膜
5446,j干Y
5447,趺膜
5448,j干Y
5449,趺膜
5450,j干Y
5451,趺膜
5452,j干Y
5453,趺膜
5454,j干Y
5455,趺膜
5456,j干Y
5457,趺膜
5458,j干Y
5459,趺膜
5460,j干Y
5461,趺膜
5462,j干Y
5463,趺膜
5464,j干Y
5465,趺膜
5466,j干Y
5467,趺膜
5468,j干Y
5469,趺膜
5470,j干Y
5471,趺膜
5472,j干Y
5473,趺膜
5474,j干Y
5475,趺膜
5476,j干Y
5477,趺膜
5478,j干Y
5479,趺膜
5480,j干Y
5481,趺膜
5482,j干Y
5483,趺膜
5484,j干Y
5485,趺膜
5486,j干Y
5487,趺膜
5488,j干Y
5489,趺膜
5490,j干Y
5491,趺膜
5492,j干Y
5493,趺膜
5494,j干Y
5495,趺膜
5496,j干Y
5497,趺膜
5498,j干Y
5499,趺膜
5500,j干Y
5501,趺膜
5502,j干Y
5503,趺膜
5504,j干Y
5505,趺膜
5506,j干Y
5507,趺膜
5508,j干Y
5509,趺膜
5510,j干Y
5511,趺膜
5512,j干Y
5513,趺膜
5514,j干Y
5515,趺膜
5516,j干Y
5517,趺膜
5518,j干Y
5519,趺膜
5520,j干Y
5521,趺膜
5522,j干Y
5523,趺膜
5524,j干Y
5525,趺膜
5526,j干Y
5527,趺膜
5528,j干Y
5529,趺膜
5530,j干Y
5531,趺膜
5532,j干Y
5533,趺膜
5534,j干Y
5535,趺膜
5536,j干Y
5537,趺膜
5538,j干Y
5539,趺膜
5540,j干Y
5541,趺膜
5542,j干Y
5543,趺膜
5544,j干Y
5545,趺膜
5546,j干Y
5547,趺膜
5548,j干Y
5549,趺膜
5550,j干Y
5551,趺膜
5552,j干Y
5553,趺膜
5554,j干Y
5555,趺膜
5556,j干Y
5557,趺膜
5558,j干Y
5559,趺膜
5560,j干Y
5561,趺膜
5562,j干Y
5563,趺膜
5564,j干Y
5565,趺膜
5566,j干Y
5567,趺膜
5568,j干Y
5569,趺膜
5570,j干Y
5571,趺膜
5572,j干Y
5573,趺膜
5574,j干Y
5575,趺膜
5576,j干Y
5577,趺膜
5578,j干Y
5579,趺膜
5580,j干Y
5581,趺膜
5582,j干Y
5583,趺膜
5584,j干Y
5585,趺膜
5586,j干Y
5587,趺膜
5588,j干Y
5589,趺膜
5590,j干Y
5591,趺膜
5592,j干Y
5593,趺膜
5594,j干Y
5595,趺膜
5596,j干Y
5597,趺膜
5598,j干Y
5599,趺膜
5600,j干Y
5601,趺膜
5602,j干Y
5603,趺膜
5604,j干Y
5605,趺膜
5606,j干Y
5607,趺膜
5608,j干Y
5609,趺膜
5610,j干Y
5611,趺膜
5612,j干Y
5613,趺膜
5614,j干Y
5615,趺膜
5616,j干Y
5617,趺膜
5618,j干Y
5619,趺膜
5620,j干Y
5621,趺膜
5622,j干Y
5623,趺膜
5624,j干Y
5625,趺膜
5626,j干Y
5627,趺膜
5628,j干Y
5629,趺膜
5630,j干Y
5631,趺膜
5632,j干Y
5633,趺膜
5634,j干Y
5635,趺膜
5636,j干Y
5637,趺膜
5638,j干Y
5639,趺膜
5640,j干Y
5641,趺膜
5642,j干Y
5643,趺膜
5644,j干Y
5645,趺膜
5646,j干Y
5647,趺膜
5648,j干Y
5649,趺膜
5650,j干Y
5651,趺膜
5652,j干Y
5653,趺膜
5654,j干Y
5655,趺膜
5656,j干Y
5657,趺膜
5658,j干Y
5659,趺膜
5660,j干Y
5661,趺膜
5662,j干Y
5663,趺膜
5664,j干Y
5665,趺膜
5666,j干Y
5667,趺膜
5668,j干Y
5669,趺膜
5670,j干Y
5671,趺膜
5672,j干Y
5673,趺膜
5674,j干Y
5675,趺膜
5676,j干Y
5677,趺膜
5678,j干Y
5679,趺膜
5680,j干Y
5681,趺膜
5682,j干Y
5683,趺膜
5684,j干Y
5685,趺膜
5686,j干Y
5687,趺膜
5688,j干Y
5689,趺膜
5690,j干Y
5691,趺膜
5692,j干Y
5693,趺膜
5694,j干Y
5695,趺膜
5696,j干Y
5697,趺膜
5698,j干Y
5699,趺膜
5700,j干Y
5701,趺膜
5702,j干Y
5703,趺膜
5704,j干Y
5705,趺膜
5706,j干Y
5707,趺膜
5708,j干Y
5709,趺膜
5710,j干Y
5711,趺膜
5712,j干Y
5713,趺膜
5714,j干Y
5715,趺膜
5716,j干Y
5717,趺膜
5718,j干Y
5719,趺膜
5720,j干Y
5721,趺膜
5722,j干Y
5723,趺膜
5724,j干Y
5725,趺膜
5726,j干Y
5727,趺膜
5728,j干Y
5729,趺膜
5730,j干Y
5731,趺膜
5732,j干Y
5733,趺膜
5734,j干Y
5735,趺膜
5736,j干Y
5737,趺膜
5738,j干Y
5739,趺膜
5740,j干Y
5741,趺膜
5742,j干Y
5743,趺膜
5744,j干Y
5745,趺膜
5746,j干Y
5747,趺膜
5748,j干Y
5749,趺膜
5750,j干Y
5751,趺膜
5752,j干Y
5753,趺膜
5754,j干Y
5755,趺膜
5756,j干Y
5757,趺膜
5758,j干Y
5759,趺膜
5760,j干Y
5761,趺膜
5762,j干Y
5763,趺膜
5764,j干Y
5765,趺膜
5766,j干Y
5767,趺膜
5768,j干Y
5769,趺膜
5770,j干Y
5771,趺膜
5772,j干Y
5773,趺膜
5774,j干Y
5775,趺膜
5776,j干Y
5777,趺膜
5778,j干Y
5779,趺膜
5780,j干Y
5781,趺膜
5782,j干Y
5783,趺膜
5784,j干Y
5785,趺膜
5786,j干Y
5787,趺膜
5788,j干Y
5789,趺膜
5790,j干Y
5791,趺膜
5792,j干Y
5793,趺膜
5794,j干Y
5795,趺膜
5796,j干Y
5797,趺膜
5798,j干Y
5799,趺膜
5800,j干Y
5801,趺膜
5802,j干Y
5803,趺膜
5804,j干Y
5805,趺膜
5806,j干Y
5807,趺膜
5808,j干Y
5809,趺膜
5810,j干Y
5811,趺膜
5812,j干Y
5813,趺膜
5814,j干Y
5815,趺膜
5816,j干Y
5817,趺膜
5818,j干Y
5819,趺膜
5820,j干Y
5821,趺膜
5822,j干Y
5823,趺膜
5824,j干Y
5825,趺膜
5826,j干Y
5827,趺膜
5828,j干Y
5829,趺膜
5830,j干Y
5831,趺膜
5832,j干Y
5833,趺膜
5834,j干Y
5835,趺膜
5836,j干Y
5837,趺膜
5838,j干Y
5839,趺膜
5840,j干Y
5841,趺膜
5842,j干Y
5843,趺膜
5844,j干Y
5845,趺膜
5846,j干Y
5847,趺膜
5848,j干Y
5849,趺膜
5850,j干Y
5851,趺膜
5852,j干Y
5853,趺膜
5854,j干Y
5855,趺膜
5856,j干Y
5857,趺膜
5858,j干Y
5859,趺膜
5860,j干Y
5861,趺膜
5862,j干Y
5863,趺膜
5864,j干Y
5865,趺膜
5866,j干Y
5867,趺膜
5868,j干Y
5869,趺膜
5870,j干Y
5871,趺膜
5872,j干Y
5873,趺膜
5874,j干Y
5875,趺膜
5876,j干Y
5877,趺膜
5878,j干Y
5879,趺膜
5880,j干Y
5881,趺膜
5882,j干Y
5883,趺膜
5884,j干Y
5885,趺膜
5886,j干Y
5887,趺膜
5888,j干Y
5889,趺膜
5890,j干Y
5891,趺膜
5892,j干Y
5893,趺膜
5894,j干Y
5895,趺膜
5896,j干Y
5897,趺膜
5898,j干Y
5899,趺膜
5900,j干Y
5901,趺膜
5902,j干Y
5903,趺膜
5904,j干Y
5905,趺膜
5906,j干Y
5907,趺膜
5908,j干Y
5909,趺膜
5910,j干Y
5911,趺膜
5912,j干Y
5913,趺膜
5914,j干Y
5915,趺膜
5916,j干Y
5917,趺膜
5918,j干Y
5919,趺膜
5920,j干Y
5921,趺膜
5922,j干Y
5923,趺膜
5924,j干Y
5925,趺膜
5926,j干Y
5927,趺膜
5928,j干Y
5929,趺膜
5930,j干Y
5931,趺膜
5932,j干Y
5933,趺膜
5934,j干Y
5935,趺膜
5936,j干Y
5937,趺膜
5938,j干Y
5939,趺膜
5940,j干Y
5941,趺膜
5942,j干Y
5943,趺膜
5944,j干Y
5945,趺膜
5946,j干Y
5947,趺膜
5948,j干Y
5949,趺膜
5950,j干Y
5951,趺膜
5952,j干Y
5953,趺膜
5954,j干Y
5955,趺膜
5956,j干Y
5957,趺膜
5958,j干Y
5959,趺膜
5960,j干Y
5961,趺膜
5962,j干Y
5963,趺膜
5964,j干Y
5965,趺膜
5966,j干Y
5967,趺膜
5968,j干Y
5969,趺膜
5970,j干Y
5971,趺膜
5972,j干Y
5973,趺膜
5974,j干Y
5975,趺膜
5976,j干Y
5977,趺膜
5978,j干Y
5979,趺膜
5980,j干Y
5981,趺膜
5982,j干Y
5983,趺膜
5984,j干Y
5985,趺膜
5986,j干Y
5987,趺膜
5988,j干Y
5989,趺膜
5990,j干Y
5991,趺膜
5992,j干Y
5993,趺膜
5994,j干Y
5995,趺膜
5996,j干Y
5997,趺膜
5998,j干Y
5999,趺膜
6000,j干Y
6001,趺膜
6002,j干Y
6003,趺膜
6004,j干Y
6005,趺膜
6006,j干Y
6007,趺膜
6008,j干Y
6009,趺膜
6010,j干Y
6011,趺膜
6012,j干Y
6013,趺膜
6014,j干Y
6015,趺膜
6016,j干Y
6017,趺膜
6018,j干Y
6019,趺膜
6020,j干Y
6021,趺膜
6022,j干Y
6023,趺膜
6024,j干Y
6025,趺膜
6026,j干Y
6027,趺膜
6028,j干Y
6029,趺膜
6030,j干Y
6031,趺膜
6032,j干Y
6033,趺膜
6034,j干Y
6035,趺膜
6036,j干Y
6037,趺膜
6038,j干Y
6039,趺膜
6040,j干Y
6041,趺膜
6042,j干Y
6043,趺膜
6044,j干Y
6045,趺膜
6046,j干Y
6047,趺膜
6048,j干Y
6049,趺膜
6050,j干Y
6051,趺膜
6052,j干Y
6053,趺膜
6054,j干Y
6055,趺膜
6056,j干Y
6057,趺膜
6058,j干Y
6059,趺膜
6060,j干Y
6061,趺膜
6062,j干Y
6063,趺膜
6064,j干Y
6065,趺膜
6066,j干Y
6067,趺膜
6068,j干Y
6069,趺膜
6070,j干Y
6071,趺膜
6072,j干Y
6073,趺膜
6074,j干Y
6075,趺膜
6076,j干Y
6077,趺膜
6078,j干Y
6079,趺膜
6080,j干Y
6081,趺膜
6082,j干Y
6083,趺膜
6084,j干Y
6085,趺膜
6086,j干Y
6087,趺膜
6088,j干Y
6089,趺膜
6090,j干Y
6091,趺膜
6092,j干Y
6093,趺膜
6094,j干Y
6095,趺膜
6096,j干Y
6097,趺膜
6098,j干Y
6099,趺膜
6100,j干Y
6101,趺膜
6102,j干Y
6103,趺膜
6104,j干Y
6105,趺膜
6106,j干Y
6107,趺膜
6108,j干Y
6109,趺膜
6110,j干Y
6111,趺膜
6112,j干Y
6113,趺膜
6114,j干Y
6115,趺膜
6116,j干Y
6117,趺膜
6118,j干Y
6119,趺膜
6120,j干Y
6121,趺膜
6122,j干Y
6123,趺膜
6124,j干Y
6125,趺膜
6126,j干Y
6127,趺膜
6128,j干Y
6129,趺膜
6130,j干Y
6131,趺膜
6132,j干Y
6133,趺膜
6134,j干Y
6135,趺膜
6136,j干Y
6137,趺膜
6138,j干Y
6139,趺膜
6140,j干Y
6141,趺膜
6142,j干Y
6143,趺膜
6144,j干Y
6145,趺膜
6146,j干Y
6147,趺膜
6148,j干Y
6149,趺膜
6150,j干Y
6151,趺膜
6152,j干Y
6153,趺膜
6154,j干Y
6155,趺膜
6156,j干Y
6157,趺膜
6158,j干Y
6159,趺膜
6160,j干Y
6161,趺膜
6162,j干Y
6163,趺膜
6164,j干Y
6165,趺膜
6166,j干Y
6167,趺膜
6168,j干Y
6169,趺膜
6170,j干Y
6171,趺膜
6172,j干Y
6173,趺膜
6174,j干Y
6175,趺膜
6176,j干Y
6177,趺膜
6178,j干Y
6179,趺膜
6180,j干Y
6181,趺膜
6182,j干Y
6183,趺膜
6184,j干Y
6185,趺膜
6186,j干Y
6187,趺膜
6188,j干Y
6189,趺膜
6190,j干Y
6191,趺膜
6192,j干Y
6193,趺膜
6194,j干Y
6195,趺膜
6196,j干Y
6197,趺膜
6198,j干Y
6199,趺膜
6200,j干Y
6201,趺膜
6202,j干Y
6203,趺膜
6204,j干Y
6205,趺膜
6206,j干Y
6207,趺膜
6208,j干Y
6209,趺膜
6210,j干Y
6211,趺膜
6212,j干Y
6213,趺膜
6214,j干Y
6215,趺膜
6216,j干Y
6217,趺膜
6218,j干Y
6219,趺膜
6220,j干Y
6221,趺膜
6222,j干Y
6223,趺膜
6224,j干Y
6225,趺膜
6226,j干Y
6227,趺膜
6228,j干Y
6229,趺膜
6230,j干Y
6231,趺膜
6232,j干Y
6233,趺膜
6234,j干Y
6235,趺膜
6236,j干Y
6237,趺膜
6238,j干Y
6239,趺膜
6240,j干Y
6241,趺膜
6242,j干Y
6243,趺膜
6244,j干Y
6245,趺膜
6246,j干Y
6247,趺膜
6248,j干Y
6249,趺膜
6250,j干Y
6251,趺膜
6252,j干Y
6253,趺膜
6254,j干Y
6255,趺膜
6256,j干Y
6257,趺膜
6258,j干Y
6259,趺膜
6260,j干Y
6261,趺膜
6262,j干Y
6263,趺膜
6264,j干Y
6265,趺膜
6266,j干Y
6267,趺膜
6268,j干Y
6269,趺膜
6270,j干Y
6271,趺膜
6272,j干Y
6273,趺膜
6274,j干Y
6275,趺膜
6276,j干Y
6277,趺膜
6278,j干Y
6279,趺膜
6280,j干Y
6281,趺膜
6282,j干Y
6283,趺膜
6284,j干Y
6285,趺膜
6286,j干Y
6287,趺膜
6288,j干Y
6289,趺膜
6290,j干Y
6291,趺膜
6292,j干Y
6293,趺膜
6294,j干Y
6295,趺膜
6296,j干Y
6297,趺膜
6298,j干Y
6299,趺膜
6300,j干Y
6301,趺膜
6302,j干Y
6303,趺膜
6304,j干Y
6305,趺膜
6306,j干Y
6307,趺膜
6308,j干Y
6309,趺膜
6310,j干Y
6311,趺膜
6312,j干Y
6313,趺膜
6314,j干Y
6315,趺膜
6316,j干Y
6317,趺膜
6318,j干Y
6319,趺膜
6320,j干Y
6321,趺膜
6322,j干Y
6323,趺膜
6324,j干Y
6325,趺膜
6326,j干Y
6327,趺膜
6328,j干Y
6329,趺膜
6330,j干Y
6331,趺膜
6332,j干Y
6333,趺膜
6334,j干Y
6335,趺膜
6336,j干Y
6337,趺膜
6338,j干Y
6339,趺膜
6340,j干Y
6341,趺膜
6342,j干Y
6343,趺膜
6344,j干Y
6345,趺膜
6346,j干Y
6347,趺膜
6348,j干Y
6349,趺膜
6350,j干Y
6351,趺膜
6352,j干Y
6353,趺膜
6354,j干Y
6355,趺膜
6356,j干Y
6357,趺膜
6358,j干Y
6359,趺膜
6360,j干Y
6361,趺膜
6362,j干Y
6363,趺膜
6364,j干Y
6365,趺膜
6366,j干Y
6367,趺膜
6368,j干Y
6369,趺膜
6370,j干Y
6371,趺膜
6372,j干Y
6373,趺膜
6374,j干Y
6375,趺膜
6376,j干Y
6377,趺膜
6378,j干Y
6379,趺膜
6380,j干Y
6381,趺膜
6382,j干Y
6383,趺膜
6384,j干Y
6385,趺膜
6386,j干Y
6387,趺膜
6388,j干Y
6389,趺膜
6390,j干Y
6391,趺膜
6392,j干Y
6393,趺膜
6394,j干Y
6395,趺膜
6396,j干Y
6397,趺膜
6398,j干Y
6399,趺膜
6400,j干Y
6401,趺膜
6402,j干Y
6403,趺膜
6404,j干Y
6405,趺膜
6406,j干Y
6407,趺膜
6408,j干Y
6409,趺膜
6410,j干Y
6411,趺膜
6412,j干Y
6413,趺膜
6414,j干Y
6415,趺膜
6416,j干Y
6417,趺膜
6418,j干Y
6419,趺膜
6420,j干Y
6421,趺膜
6422,j干Y
6423,趺膜
6424,j干Y
6425,趺膜
6426,j干Y
6427,趺膜
6428,j干Y
6429,趺膜
6430,j干Y
6431,趺膜
6432,j干Y
6433,趺膜
6434,j干Y
6435,趺膜
6436,j干Y
6437,趺膜
6438,j干Y
6439,趺膜
6440,j干Y
6441,趺膜
6442,j干Y
6443,趺膜
6444,j干Y
6445,趺膜
6446,j干Y
6447,趺膜
6448,j干Y
6449,趺膜
6450,j干Y
6451,趺膜
6452,j干Y
6453,趺膜
6454,j干Y
6455,趺膜
6456,j干Y
6457,趺膜
6458,j干Y
6459,趺膜
6460,j干Y
6461,趺膜
6462,j干Y
6463,趺膜
6464,j干Y
6465,趺膜
6466,j干Y
6467,趺膜
6468,j干Y
6469,趺膜
6470,j干Y
6471,趺膜
6472,j干Y
6473,趺膜
6474,j干Y
6475,趺膜
6476,j干Y
6477,趺膜
6478,j干Y
6479,趺膜
6480,j干Y
6481,趺膜
6482,j干Y
6483,趺膜
6484,j干Y
6485,趺膜
6486,j干Y
6487,趺膜
6488,j干Y
6489,趺膜
6490,j干Y
6491,趺膜
6492,j干Y
6493,趺膜
6494,j干Y
6495,趺膜
6496,j干Y
6497,趺膜
6498,j干Y
6499,趺膜
6500,j干Y
6501,趺膜
6502,j干Y
6503,趺膜
6504,j干Y
6505,趺膜
6506,j干Y
6507,趺膜
6508,j干Y
6509,趺膜
6510,j干Y
6511,趺膜
6512,j干Y
6513,趺膜
6514,j干Y
6515,趺膜
6516,j干Y
6517,趺膜
6518,j干Y
6519,趺膜
6520,j干Y
6521,趺膜
6522,j干Y
6523,趺膜
6524,j干Y
6525,趺膜
6526,j干Y
6527,趺膜
6528,j干Y
6529,趺膜
6530,j干Y
6531,趺膜
6532,j干Y
6533,趺膜
6534,j干Y
6535,趺膜
6536,j干Y
6537,趺膜
6538,j干Y
6539,趺膜
6540,j干Y
6541,趺膜
6542,j干Y
6543,趺膜
6544,j干Y
6545,趺膜
6546,j干Y
6547,趺膜
6548,j干Y
6549,趺膜
6550,j干Y
6551,趺膜
6552,j干Y
6553,趺膜
6554,j干Y
6555,趺膜
6556,j干Y
6557,趺膜
6558,j干Y
6559,趺膜
6560,j干Y
6561,趺膜
6562,j干Y
6563,趺膜
6564,j干Y
6565,趺膜
6566,j干Y
6567,趺膜
6568,j干Y
6569,趺膜
6570,j干Y
6571,趺膜
6572,j干Y
6573,趺膜
6574,j干Y
6575,趺膜
6576,j干Y
6577,趺膜
6578,j干Y
6579,趺膜
6580,j干Y
6581,趺膜
6582,j干Y
6583,趺膜
6584,j干Y
6585,趺膜
6586,j干Y
6587,趺膜
6588,j干Y
6589,趺膜
6590,j干Y
6591,趺膜
6592,j干Y
6593,趺膜
6594,j干Y
6595,趺膜
6596,j干Y
6597,趺膜
6598,j干Y
6599,趺膜
6600,j干Y
6601,趺膜
6602,j干Y
6603,趺膜
6604,j干Y
6605,趺膜
6606,j干Y
6607,趺膜
6608,j干Y
6609,趺膜
6610,j干Y
6611,趺膜
6612,j干Y
6613,趺膜
6614,j干Y
6615,趺膜
6616,j干Y
6617,趺膜
6618,j干Y
6619,趺膜
6620,j干Y
6621,趺膜
6622,j干Y
6623,趺膜
6624,j干Y
6625,趺膜
6626,j干Y
6627,趺膜
6628,j干Y
6629,趺膜
6630,j干Y
6631,趺膜
6632,j干Y
6633,趺膜
6634,j干Y
6635,趺膜
6636,j干Y
6637,趺膜
6638,j干Y
6639,趺膜
6640,j干Y
6641,趺膜
6642,j干Y
6643,趺膜
6644,j干Y
6645,趺膜
6646,j干Y
6647,趺膜
6648,j干Y
6649,趺膜
6650,j干Y
6651,趺膜
6652,j干Y
6653,趺膜
6654,j干Y
6655,趺膜
6656,j干Y
6657,趺膜
6658,j干Y
6659,趺膜
6660,j干Y
6661,趺膜
6662,j干Y
6663,趺膜
6664,j干Y
6665,趺膜
6666,j干Y
6667,趺膜
6668,j干Y
6669,趺膜
6670,j干Y
6671,趺膜
6672,j干Y
6673,趺膜
6674,j干Y
6675,趺膜
6676,j干Y
6677,趺膜
6678,j干Y
6679,趺膜
6680,j干Y
6681,趺膜
6682,j干Y
6683,趺膜
6684,j干Y
6685,趺膜
6686,j干Y
6687,趺膜
6688,j干Y
6689,趺膜
6690,j干Y
6691,趺膜
6692,j干Y
6693,趺膜
6694,j干Y
6695,趺膜
6696,j干Y
6697,趺膜
6698,j干Y
6699,趺膜
6700,j干Y
6701,趺膜
6702,j干Y
6703,趺膜
6704,j干Y
6705,趺膜
6706,j干Y
6707,趺膜
6708,j干Y
6709,趺膜
6710,j干Y
6711,趺膜
6712,j干Y
6713,趺膜
6714,j干Y
6715,趺膜
6716,j干Y
6717,趺膜
6718,j干Y
6719,趺膜
6720,j干Y
6721,趺膜
6722,j干Y
6723,趺膜
6724,j干Y
6725,趺膜
6726,j干Y
6727,趺膜
6728,j干Y
6729,趺膜
6730,j干Y
6731,趺膜
6732,j干Y
6733,趺膜
6734,j干Y
6735,趺膜
6736,j干Y
6737,趺膜
6738,j干Y
6739,趺膜
6740,j干Y
6741,趺膜
6742,j干Y
6743,趺膜
6744,j干Y
6745,趺膜
6746,j干Y
6747,趺膜
6748,j干Y
6749,趺膜
6750,j干Y
6751,趺膜
6752,j干Y
6753,趺膜
6754,j干Y
6755,趺膜
6756,j干Y
6757,趺膜
6758,j干Y
6759,趺膜
6760,j干Y
6761,趺膜
6762,j干Y
6763,趺膜
6764,j干Y
6765,趺膜
6766,j干Y
6767,趺膜
6768,j干Y
6769,趺膜
6770,j干Y
6771,趺膜
6772,j干Y
6773,趺膜
6774,j干Y
6775,趺膜
6776,j干Y
6777,趺膜
6778,j干Y
6779,趺膜
6780,j干Y
6781,趺膜
6782,j干Y
6783,趺膜
6784,j干Y
6785,趺膜
6786,j干Y
6787,趺膜
6788,j干Y
6789,趺膜
6790,j干Y
6791,趺膜
6792,j干Y
6793,趺膜
6794,j干Y
6795,趺膜
6796,j干Y
6797,趺膜
6798,j干Y
6799,趺膜
6800,j干Y
6801,趺膜
6802,j干Y
6803,趺膜
6804,j干Y
6805,趺膜
6806,j干Y
6807,趺膜
6808,j干Y
6809,趺膜
6810,j干Y
6811,趺膜
6812,j干Y
6813,趺膜
6814,j干Y
6815,趺膜
6816,j干Y
6817,趺膜
6818,j干Y
6819,趺膜
6820,j干Y
6821,趺膜
6822,j干Y
6823,趺膜
6824,j干Y
6825,趺膜
6826,j干Y
6827,趺膜
6828,j干Y
6829,趺膜
6830,j干Y
6831,趺膜
6832,j干Y
6833,趺膜
6834,j干Y
6835,趺膜
6836,j干Y
6837,趺膜
6838,j干Y
6839,趺膜
6840,j干Y
6841,趺膜
6842,j干Y
6843,趺膜
6844,j干Y
6845,趺膜
6846,j干Y
6847,趺膜
6848,j干Y
6849,趺膜
6850,j干Y
6851,趺膜
6852,j干Y
6853,趺膜
6854,j干Y
6855,趺膜
6856,j干Y
6857,趺膜
6858,j干Y
6859,趺膜
6860,j干Y
6861,趺膜
6862,j干Y
6863,趺膜
6864,j干Y
6865,趺膜
6866,j干Y
6867,趺膜
6868,j干Y
6869,趺膜
6870,j干Y
6871,趺膜
6872,j干Y
6873,趺膜
6874,j干Y
6875,趺膜
6876,j干Y
6877,趺膜
6878,j干Y
6879,趺膜
6880,j干Y
6881,趺膜
6882,j干Y
6883,趺膜
6884,j干Y
6885,趺膜
6886,j干Y
6887,趺膜
6888,j干Y
6889,趺膜
6890,j干Y
6891,趺膜
6892,j干Y
6893,趺膜
6894,j干Y
6895,趺膜
6896,j干Y
6897,趺膜
6898,j干Y
6899,趺膜
6900,j干Y
6901,趺膜
6902,j干Y
6903,趺膜
6904,j干Y
6905,趺膜
6906,j干Y
6907,趺膜
6908,j干Y
6909,趺膜
6910,j干Y
6911,趺膜
6912,j干Y
6913,趺膜
6914,j干Y
6915,趺膜
6916,j干Y
6917,趺膜
6918,j干Y
6919,趺膜
6920,j干Y
6921,趺膜
6922,j干Y
6923,趺膜
6924,j干Y
6925,趺膜
6926,j干Y
6927,趺膜
6928,j干Y
6929,趺膜
6930,j干Y
6931,趺膜
6932,j干Y
6933,趺膜
6934,j干Y
6935,趺膜
6936,j干Y
6937,趺膜
6938,j干Y
6939,趺膜
6940,j干Y
6941,趺膜
6942,j干Y
6943,趺膜
6944,j干Y
6945,趺膜
6946,j干Y
6947,趺膜
6948,j干Y
6949,趺膜
6950,j干Y
6951,趺膜
6952,j干Y
6953,趺膜
6954,j干Y
6955,趺膜
6956,j干Y
6957,趺膜
6958,j干Y
6959,趺膜
6960,j干Y
6961,趺膜
6962,j干Y
6963,趺膜
6964,j干Y
6965,趺膜
6966,j干Y
6967,趺膜
6968,j干Y
6969,趺膜
6970,j干Y
6971,趺膜
6972,j干Y
6973,趺膜
6974,j干Y
6975,趺膜
6976,j干Y
6977,趺膜
6978,j干Y
6979,趺膜
6980,j干Y
6981,趺膜
6982,j干Y
6983,趺膜
6984,j干Y
6985,趺膜
6986,j干Y
6987,趺膜
6988,j干Y
6989,趺膜
6990,j干Y
6991,趺膜
6992,j干Y
6993,趺膜
6994,j干Y
6995,趺膜
6996,j干Y
6997,趺膜
6998,j干Y
6999,趺膜
7000,j干Y
7001,趺膜
7002,j干Y
7003,趺膜
7004,j干Y
7005,趺膜
7006,j干Y
7007,趺膜
7008,j干Y
7009,趺膜
7010,j干Y
7011,趺膜
7012,j干Y
7013,趺膜
7014,j干Y
7015,趺膜
7016,j干Y
7017,趺膜
7018,j干Y
7019,趺膜
7020,j干Y
7021,趺膜
7022,j干Y
7023,趺膜
7024,j干Y
7025,趺膜
7026,j干Y
7027,趺膜
7028,j干Y
7029,趺膜
7030,j干Y
7031,趺膜
7032,j干Y
7033,趺膜
7034,j干Y
7035,趺膜
7036,j干Y
7037,趺膜
7038,j干Y
7039,趺膜
7040,j干Y
7041,趺膜
7042,j干Y
7043,趺膜
7044,j干Y
7045,趺膜
7046,j干Y
7047,趺膜
7048,j干Y
7049,趺膜
7050,j干Y
7051,趺膜
7052,j干Y
7053,趺膜
7054,j干Y
7055,趺膜
7056,j干Y
7057,趺膜
7058,j干Y
7059,趺膜
7060,j干Y
7061,趺膜
7062,j干Y
7063,趺膜
7064,j干Y
7065,趺膜
7066,j干Y
7067,趺膜
7068,j干Y
7069,趺膜
7070,j干Y
7071,趺膜
7072,j干Y
7073,趺膜
7074,j干Y
7075,趺膜
7076,j干Y
7077,趺膜
7078,j干Y
7079,趺膜
7080,j干Y
7081,趺膜
7082,j干Y
7083,趺膜
7084,j干Y
7085,趺膜
7086,j干Y
7087,趺膜
7088,j干Y
7089,趺膜
7090,j干Y
7091,趺膜
7092,j干Y
7093,趺膜
7094,j干Y
7095,趺膜
7096,j干Y
7097,趺膜
7098,j干Y
7099,趺膜
7100,j干Y
7101,趺膜
7102,j干Y
7103,趺膜
7104,j干Y
7105,趺膜
7106,j干Y
7107,趺膜
7108,j干Y
7109,趺膜
7110,j干Y
7111,趺膜
7112,j干Y
7113,趺膜
7114,j干Y
7115,趺膜
7116,j干Y
7117,趺膜
7118,j干Y
7119,趺膜
7120,j干Y
7121,趺膜
7122,j干Y
7123,趺膜
7124,j干Y
7125,趺膜
7126,j干Y
7127,趺膜
7128,j干Y
7129,趺膜
7130,j干Y
7131,趺膜
7132,j干Y
7133,趺膜
7134,j干Y
7135,趺膜
7136,j干Y
7137,趺膜
7138,j干Y
7139,趺膜
7140,j干Y
7141,趺膜
7142,j干Y
7143,趺膜
7144,j干Y
7145,趺膜
7146,j干Y
7147,趺膜
7148,j干Y
7149,趺膜
7150,j干Y
7151,趺膜
7152,j干Y
7153,趺膜
7154,j干Y
7155,趺膜
7156,j干Y
7157,趺膜
7158,j干Y
7159,趺膜
7160,j干Y
7161,趺膜
7162,j干Y
7163,趺膜
7164,j干Y
7165,趺膜
7166,j干Y
7167,趺膜
7168,j干Y
7169,趺膜
7170,j干Y
7171,趺膜
7172,j干Y
7173,趺膜
7174,j干Y
7175,趺膜
7176,j干Y
7177,趺膜
7178,j干Y
7179,趺膜
7180,j干Y
7181,趺膜
7182,j干Y
7183,趺膜
7184,j干Y
7185,趺膜
7186,j干Y
7187,趺膜
7188,j干Y
7189,趺膜
7190,j干Y
7191,趺膜
7192,j干Y
7193,趺膜
7194,j干Y
7195,趺膜
7196,j干Y
7197,趺膜
7198,j干Y
7199,趺膜
7200,j干Y
7201,趺膜
7202,j干Y
7203,趺膜
7204,j干Y
7205,趺膜
7206,j干Y
7207,趺膜
7208,j干Y
7209,趺膜
7210,j干Y
7211,趺膜
7212,j干Y
7213,趺膜
7214,j干Y
7215,趺膜
7216,j干Y
7217,趺膜
7218,j干Y
7219,趺膜
7220,j干Y
7221,趺膜
7222,j干Y
7223,趺膜
7224,j干Y
7225,趺膜
7226,j干Y
7227,趺膜
7228,j干Y
7229,趺膜
7230,j干Y
7231,趺膜
7232,j干Y
7233,趺膜
7234,j干Y
7235,趺膜
7236,j干Y
7237,趺膜
7238,j干Y
7239,趺膜
7240,j干Y
7241,趺膜
7242,j干Y
7243,趺膜
7244,j干Y
7245,趺膜
7246,j干Y
7247,趺膜
7248,j干Y
7249,趺膜
7250,j干Y
7251,趺膜
7252,j干Y
7253,趺膜
7254,j干Y
7255,趺膜
7256,j干Y
7257,趺膜
7258,j干Y
7259,趺膜
7260,j干Y
7261,趺膜
7262,j干Y
7263,趺膜
7264,j干Y
7265,趺膜
7266,j干Y
7267,趺膜
7268,j干Y
7269,趺膜
7270,j干Y
7271,趺膜
7272,j干Y
7273,趺膜
7274,j干Y
7275,趺膜
7276,j干Y
7277,趺膜
7278,j干Y
7279,趺膜
7280,j干Y
7281,趺膜
7282,j干Y
7283,趺膜
7284,j干Y
7285,趺膜
7286,j干Y
7287,趺膜
7288,j干Y
7289,趺膜
7290,j干Y
7291,趺膜
7292,j干Y
7293,趺膜
7294,j干Y
7295,趺膜
7296,j干Y
7297,趺膜
7298,j干Y
7299,趺膜
7300,j干Y
7301,趺膜
7302,j干Y
7303,趺膜
7304,j干Y
7305,趺膜
7306,j干Y
7307,趺膜
7308,j干Y
7309,趺膜
7310,j干Y
7311,趺膜
7312,j干Y
7313,趺膜
7314,j干Y
7315,趺膜
7316,j干Y
7317,趺膜
7318,j干Y
7319,趺膜
7320,j干Y
7321,趺膜
7322,j干Y
7323,趺膜
7324,j干Y
7325,趺膜
7326,j干Y
7327,趺膜
7328,j干Y
7329,趺膜
7330,j干Y
7331,趺膜
7332,j干Y
7333,趺膜
7334,j干Y
7335,趺膜
7336,j干Y
7337,趺膜
7338,j干Y
7339,趺膜
7340,j干Y
7341,趺膜
7342,j干Y
7343,趺膜
7344,j干Y
7345,趺膜
7346,j干Y
7347,趺膜
7348,j干Y
7349,趺膜
7350,j干Y
7351,趺膜
7352,j干Y
7353,趺膜
7354,j干Y
7355,趺膜
7356,j干Y
7357,趺膜
7358,j干Y
7359,趺膜
7360,j干Y
7361,趺膜
7362,j干Y
7363,趺膜
7364,j干Y
7365,趺膜
7366,j干Y
7367,趺膜
7368,j干Y
7369,趺膜
7370,j干Y
7371,趺膜
7372,j干Y
7373,趺膜
7374,j干Y
7375,趺膜
7376,j干Y
7377,趺膜
7378,j干Y
7379,趺膜
7380,j干Y
7381,趺膜
7382,j干Y
7383,趺膜
7384,j干Y
7385,趺膜
7386,j干Y
7387,趺膜
7388,j干Y
7389,趺膜
7390,j干Y
7391,趺膜
7392,j干Y
7393,趺膜
7394,j干Y
7395,趺膜
7396,j干Y
7397,趺膜
7398,j干Y
7399,趺膜
7400,j干Y
7401,趺膜
7402,j干Y
7403,趺膜
7404,j干Y
7405,趺膜
7406,j干Y
7407,趺膜
7408,j干Y
7409,趺膜
7410,j干Y
7411,趺膜
7412,j干Y
7413,趺膜
7414,j干Y
7415,趺膜
7416,j干Y
7417,趺膜
7418,j干Y
7419,趺膜
7420,j干Y
7421,趺膜
7422,j干Y
7423,趺膜
7424,j干Y
7425,趺膜
7426,j干Y
7427,趺膜
7428,j干Y
7429,趺膜
7430,j干Y
7431,趺膜
7432,j干Y
7433,趺膜
7434,j干Y
7435,趺膜
7436,j干Y
7437,趺膜
7438,j干Y
7439,趺膜
7440,j干Y
7441,趺膜
7442,j干Y
7443,趺膜
7444,j干Y
7445,趺膜
7446,j干Y
7447,趺膜
7448,j干Y
7449,趺膜
7450,j干Y
7451,趺膜
7452,j干Y
7453,趺膜
7454,j干Y
7455,趺膜
7456,j干Y
7457,趺膜
7458,j干Y
7459,趺膜
7460,j干Y
7461,趺膜
7462,j干Y
7463,趺膜
7464,j干Y
7465,趺膜
7466,j干Y
7467,趺膜
7468,j干Y
7469,趺膜
7470,j干Y
7471,趺膜
7472,j干Y
7473,趺膜
7474,j干Y
7475,趺膜
7476,j干Y
7477,趺膜
7478,j干Y
7479,趺膜
7480,j干Y
7481,趺膜
7482,j干Y
7483,趺膜
7484,j干Y
7485,趺膜
7486,j干Y
7487,趺膜
7488,j干Y
7489,趺膜
7490,j干Y
7491,趺膜
7492,j干Y
7493,趺膜
7494,j干Y
7495,趺膜
7496,j干Y
7497,趺膜
7498,j干Y
7499,趺膜
7500,j干Y
7501,趺膜
7502,j干Y
7503,趺膜
7504,j干Y
7505,趺膜
7506,j干Y
7507,趺膜
7508,j干Y
7509,趺膜
7510,j干Y
7511,趺膜
7512,j干Y
7513,趺膜
7514,j干Y
7515,趺膜
7516,j干Y
7517,趺膜
7518,j干Y
7519,趺膜
7520,j干Y
7521,趺膜
7522,j干Y
7523,趺膜
7524,j干Y
7525,趺膜
7526,j干Y
7527,趺膜
7528,j干Y
7529,趺膜
7530,j干Y
7531,趺膜
7532,j干Y
7533,趺膜
7534,j干Y
7535,趺膜
7536,j干Y
7537,趺膜
7538,j干Y
7539,趺膜
7540,j干Y
7541,趺膜
7542,j干Y
7543,趺膜
7544,j干Y
7545,趺膜
7546,j干Y
7547,趺膜
7548,j干Y
7549,趺膜
7550,j干Y
7551,趺膜
7552,j干Y
7553,趺膜
7554,j干Y
7555,趺膜
7556,j干Y
7557,趺膜
7558,j干Y
7559,趺膜
7560,j干Y
7561,趺膜
7562,j干Y
7563,趺膜
7564,j干Y
7565,趺膜
7566,j干Y
7567,趺膜
7568,j干Y
7569,趺膜
7570,j干Y
7571,趺膜
7572,j干Y
7573,趺膜
7574,j干Y
7575,趺膜
7576,j干Y
7577,趺膜
7578,j干Y
7579,趺膜
7580,j干Y
7581,趺膜
7582,j干Y
7583,趺膜
7584,j干Y
7585,趺膜
7586,j干Y
7587,趺膜
7588,j干Y
7589,趺膜
7590,j干Y
7591,趺膜
7592,j干Y
7593,趺膜
7594,j干Y
7595,趺膜
7596,j干Y
7597,趺膜
7598,j干Y
7599,趺膜
7600,j干Y
7601,趺膜
7602,j干Y
7603,趺膜
7604,j干Y
7605,趺膜
7606,j干Y
7607,趺膜
7608,j干Y
7609,趺膜
7610,j干Y
7611,趺膜
7612,j干Y
7613,趺膜
7614,j干Y
7615,趺膜
7616,j干Y
7617,趺膜
7618,j干Y
7619,趺膜
7620,j干Y
7621,趺膜
7622,j干Y
7623,趺膜
7624,j干Y
7625,趺膜
7626,j干Y
7627,趺膜
7628,j干Y
7629,趺膜
7630,j干Y
7631,趺膜
7632,j干Y
7633,趺膜
7634,j干Y
7635,趺膜
7636,j干Y
7637,趺膜
7638,j干Y
7639,趺膜
7640,j干Y
7641,趺膜
7642,j干Y
7643,趺膜
7644,j干Y
7645,趺膜
7646,j干Y
7647,趺膜
7648,j干Y
7649,趺膜
7650,j干Y
7651,趺膜
7652,j干Y
7653,趺膜
7654,j干Y
7655,趺膜
7656,j干Y
7657,趺膜
7658,j干Y
7659,趺膜
7660,j干Y
7661,趺膜
7662,j干Y
7663,趺膜
7664,j干Y
7665,趺膜
7666,j干Y
7667,趺膜
7668,j干Y
7669,趺膜
7670,j干Y
7671,趺膜
7672,j干Y
7673,趺膜
7674,j干Y
7675,趺膜
7676,j干Y
7677,趺膜
7678,j干Y
7679,趺膜
7680,j干Y
7681,趺膜
7682,j干Y
7683,趺膜
7684,j干Y
7685,趺膜
7686,j干Y
7687,趺膜
7688,j干Y
7689,趺膜
7690,j干Y
7691,趺膜
7692,j干Y
7693,趺膜
7694,j干Y
7695,趺膜
7696,j干Y
7697,趺膜
7698,j干Y
7699,趺膜
7700,j干Y
7701,趺膜
7702,j干Y
7703,趺膜
7704,j干Y
7705,趺膜
7706,j干Y
7707,趺膜
7708,j干Y
7709,趺膜
7710,j干Y
7711,趺膜
7712,j干Y
7713,趺膜
7714,j干Y
7715,趺膜
7716,j干Y
7717,趺膜
7718,j干Y
7719,趺膜
7720,j干Y
7721,趺膜
7722,j干Y
7723,趺膜
7724,j干Y
7725,趺膜
7726,j干Y
7727,趺膜
7728,j干Y
7729,趺膜
7730,j干Y
7731,趺膜
7732,j干Y
7733,趺膜
7734,j干Y
7735,趺膜
7736,j干Y
7737,趺膜
7738,j干Y
7739,趺膜
7740,j干Y
7741,趺膜
7742,j干Y
7743,趺膜
7744,j干Y
7745,趺膜
7746,j干Y
7747,趺膜
7748,j干Y
7749,趺膜
7750,j干Y
7751,趺膜
7752,j干Y
7753,趺膜
7754,j干Y
7755,趺膜
7756,j干Y
7757,趺膜
7758,j干Y
7759,趺膜
7760,j干Y
7761,趺膜
7762,j干Y
7763,趺膜
7764,j干Y
7765,趺膜
7766,j干Y
7767,趺膜
7768,j干Y
7769,趺膜
7770,j干Y
7771,趺膜
7772,j干Y
7773,趺膜
7774,j干Y
7775,趺膜
7776,j干Y
7777,趺膜
7778,j干Y
7779,趺膜
7780,j干Y
7781,趺膜
7782,j干Y
7783,趺膜
7784,j干Y
7785,趺膜
7786,j干Y
7787,趺膜
7788,j干Y
7789,趺膜
7790,j干Y
7791,趺膜
7792,j干Y
7793,趺膜
7794,j干Y
7795,趺膜
7796,j干Y
7797,趺膜
7798,j干Y
7799,趺膜
7800,j干Y
7801,趺膜
7802,j干Y
7803,趺膜
7804,j干Y
7805,趺膜
7806,j干Y
7807,趺膜
7808,j干Y
7809,趺膜
7810,j干Y
7811,趺膜
7812,j干Y
7813,趺膜
7814,j干Y
7815,趺膜
7816,j干Y
7817,趺膜
7818,j干Y
7819,趺膜
7820,j干Y
7821,趺膜
7822,j干Y
7823,趺膜
7824,j干Y
7825,趺膜
7826,j干Y
7827,趺膜
7828,j干Y
7829,趺膜
7830,j干Y
7831,趺膜
7832,j干Y
7833,趺膜
7834,j干Y
7835,趺膜
7836,j干Y
7837,趺膜
7838,j干Y
7839,趺膜
7840,j干Y
7841,趺膜
7842,j干Y
7843,趺膜
7844,j干Y
7845,趺膜
7846,j干Y
7847,趺膜
7848,j干Y
7849,趺膜
7850,j干Y
7851,趺膜
7852,j干Y
7853,趺膜
7854,j干Y
7855,趺膜
7856,j干Y
7857,趺膜
7858,j干Y
7859,趺膜
7860,j干Y
7861,趺膜
7862,j干Y
7863,趺膜
7864,j干Y
7865,趺膜
7866,j干Y
7867,趺膜
7868,j干Y
7869,趺膜
7870,j干Y
7871,趺膜
7872,j干Y
7873,趺膜
7874,j干Y
7875,趺膜
7876,j干Y
7877,趺膜
7878,j干Y
7879,趺膜
7880,j干Y
7881,趺膜
7882,j干Y
7883,趺膜
7884,j干Y
7885,趺膜
7886,j干Y
7887,趺膜
7888,j干Y
7889,趺膜
7890,j干Y
7891,趺膜
7892,j干Y
7893,趺膜
7894,j干Y
7895,趺膜
7896,j干Y
7897,趺膜
7898,j干Y
7899,趺膜
7900,j干Y
7901,趺膜
7902,j干Y
7903,趺膜
7904,j干Y
7905,趺膜
7906,j干Y
7907,趺膜
7908,j干Y
7909,趺膜
7910,j干Y
7911,趺膜
7912,j干Y
7913,趺膜
7914,j干Y
7915,趺膜
7916,j干Y
7917,趺膜
7918,j干Y
7919,趺膜
7920,j干Y
7921,趺膜
7922,j干Y
7923,趺膜
7924,j干Y
7925,趺膜
7926,j干Y
7927,趺膜
7928,j干Y
7929,趺膜
7930,j干Y
7931,趺膜
7932,j干Y
7933,趺膜
7934,j干Y
7935,趺膜
7936,j干Y
7937,趺膜
7938,j干Y
7939,趺膜
7940,j干Y
7941,趺膜
7942,j干Y
7943,趺膜
7944,j干Y
7945,趺膜
7946,j干Y
7947,趺膜
7948,j干Y
7949,趺膜
7950,j干Y
7951,趺膜
7952,j干Y
7953,趺膜
7954,j干Y
7955,趺膜
7956,j干Y
7957,趺膜
7958,j干Y
7959,趺膜
7960,j干Y
7961,趺膜
7962,j干Y
7963,趺膜
7964,j干Y
7965,趺膜
7966,j干Y
7967,趺膜
7968,j干Y
7969,趺膜
7970,j干Y
7971,趺膜
7972,j干Y
7973,趺膜
7974,j干Y
7975,趺膜
7976,j干Y
7977,趺膜
7978,j干Y
7979,趺膜
7980,j干Y
7981,趺膜
7982,j干Y
7983,趺膜
7984,j干Y
7985,趺膜
7986,j干Y
7987,趺膜
7988,j干Y
7989,趺膜
7990,j干Y
7991,趺膜
7992,j干Y
7993,趺膜
7994,j干Y
7995,趺膜
7996,j干Y
7997,趺膜
7998,j干Y
7999,趺膜
8000,j干Y
8001,趺膜
8002,j干Y
8003,趺膜
8004,j干Y
8005,趺膜
8006,j干Y
8007,趺膜
8008,j干Y
8009,趺膜
8010,j干Y
8011,趺膜
8012,j干Y
8013,趺膜
8014,j干Y
8015,趺膜
8016,j干Y
8017,趺膜
8018,j干Y
8019,趺膜
8020,j干Y
8021,趺膜
8022,j干Y
8023,趺膜
8024,j干Y
8025,趺膜
8026,j干Y
8027,趺膜
8028,j干Y
8029,趺膜
8030,j干Y
8031,趺膜
8032,j干Y
8033,趺膜
8034,j干Y
8035,趺膜
8036,j干Y
8037,趺膜
8038,j干Y
8039,趺膜
8040,j干Y
8041,趺膜
8042,j干Y
8043,趺膜
8044,j干Y
8045,趺膜
8046,j干Y
8047,趺膜
8048,j干Y
8049,趺膜
8050,j干Y
8051,趺膜
8052,j干Y
8053,趺膜
8054,j干Y
8055,趺膜
8056,j干Y
8057,趺膜
8058,j干Y
8059,趺膜
8060,j干Y
8061,趺膜
8062,j干Y
8063,趺膜
8064,j干Y
8065,趺膜
8066,j干Y
8067,趺膜
8068,j干Y
8069,趺膜
8070,j干Y
8071,趺膜
8072,j干Y
8073,趺膜
8074,j干Y
8075,趺膜
8076,j干Y
8077,趺膜
8078,j干Y
8079,趺膜
8080,j干Y
8081,趺膜
8082,j干Y
8083,趺膜
8084,j干Y
8085,趺膜
8086,j干Y
8087,趺膜
8088,j干Y
8089,趺膜
8090,j干Y
8091,趺膜
8092,j干Y
8093,趺膜
8094,j干Y
8095,趺膜
8096,j干Y
8097,趺膜
8098,j干Y
8099,趺膜
8100,j干Y
8101,趺膜
8102,j干Y
8103,趺膜
8104,j干Y
8105,趺膜
8106,j干Y
8107,趺膜
8108,j干Y
8109,趺膜
8110,j干Y
8111,趺膜
8112,j干Y
8113,趺膜
8114,j干Y
8115,趺膜
8116,j干Y
8117,趺膜
8118,j干Y
8119,趺膜
8120,j干Y
8121,趺膜
8122,j干Y
8123,趺膜
8124,j干Y
8125,趺膜
8126,j干Y
8127,趺膜
8128,j干Y
8129,趺膜
8130,j干Y
8131,趺膜
8132,j干Y
8133,趺膜
8134,j干Y
8135,趺膜
8136,j干Y
8137,趺膜
8138,j干Y
8139,趺膜
8140,j干Y
8141,趺膜
8142,j干Y
8143,趺膜
8144,j干Y
8145,趺膜
8146,j干Y
8147,趺膜
8148,j干Y
8149,趺膜
8150,j干Y
8151,趺膜
8152,j干Y
8153,趺膜
8154,j干Y
8155,趺膜
8156,j干Y
8157,趺膜
8158,j干Y
8159,趺膜
8160,j干Y
8161,趺膜
8162,j干Y
8163,趺膜
8164,j干Y
8165,趺膜
8166,j干Y
8167,趺膜
8168,j干Y
8169,趺膜
8170,j干Y
8171,趺膜
8172,j干Y
8173,趺膜
8174,j干Y
8175,趺膜
8176,j干Y
8177,趺膜
8178,j干Y
8179,趺膜
8180,j干Y
8181,趺膜
8182,j干Y
8183,趺膜
8184,j干Y
8185,趺膜
8186,j干Y
8187,趺膜
8188,j干Y
8189,趺膜
8190,j干Y
8191,趺膜
8192,j干Y
8193,趺膜
8194,j干Y
8195,趺膜
8196,j干Y
8197,趺膜
8198,j干Y
8199,趺膜
8200,j干Y
8201,趺膜
8202,j干Y
8203,趺膜
8204,j干Y
8205,趺膜
8206,j干Y
8207,趺膜
8208,j干Y
8209,趺膜
8210,j干Y
8211,趺膜
8212,j干Y
8213,趺膜
8214,j干Y
8215,趺膜
8216,j干Y
8217,趺膜
8218,j干Y
8219,趺膜
8220,j干Y
8221,趺膜
8222,j干Y
8223,趺膜
8224,j干Y
8225,趺膜
8226,j干Y
8227,趺膜
8228,j干Y
8229,趺膜
8230,j干Y
8231,趺膜
8232,j干Y
8233,趺膜
8234,j干Y
8235,趺膜
8236,j干Y
8237,趺膜
8238,j干Y
8239,趺膜
8240,j干Y
8241,趺膜
8242,j干Y
8243,趺膜
8244,j干Y
8245,趺膜
8246,j干Y
8247,趺膜
8248,j干Y
8249,趺膜
8250,j干Y
8251,趺膜
8252,j干Y
8253,趺膜
8254,j干Y
8255,趺膜
8256,j干Y
8257,趺膜
8258,j干Y
8259,趺膜
8260,j干Y
8261,趺膜
8262,j干Y
8263,趺膜
8264,j干Y
8265,趺膜
8266,j干Y
8267,趺膜
8268,j干Y
8269,趺膜
8270,j干Y
8271,趺膜
8272,j干Y
8273,趺膜
8274,j干Y
8275,趺膜
8276,j干Y
8277,趺膜
8278,j干Y
8279,趺膜
8280,j干Y
8281,趺膜
8282,j干Y
8283,趺膜
8284,j干Y
8285,趺膜
8286,j干Y
8287,趺膜
8288,j干Y
8289,趺膜
8290,j干Y
8291,趺膜
8292,j干Y
8293,趺膜
8294,j干Y
8295,趺膜
8296,j干Y
8297,趺膜
8298,j干Y
8299,趺膜
8300,j干Y
8301,趺膜
8302,j干Y
8303,趺膜
8304,j干Y
8305,趺膜
8306,j干Y
8307,趺膜
8308,j干Y
8309,趺膜
8310,j干Y
8311,趺膜
8312,j干Y
8313,趺膜
8314,j干Y
8315,趺膜
8316,j干Y
8317,趺膜
8318,j干Y
8319,趺膜
8320,j干Y
8321,趺膜
8322,j干Y
8323,趺膜
8324,j干Y
8325,趺膜
8326,j干Y
8327,趺膜
8328,j干Y
8329,趺膜
8330,j干Y
8331,趺膜
8332,j干Y
8333,趺膜
8334,j干Y
8335,趺膜
8336,j干Y
8337,趺膜
8338,j干Y
8339,趺膜
8340,j干Y
8341,趺膜
8342,j干Y
8343,趺膜
8344,j干Y
8345,趺膜
8346,j干Y
8347,趺膜
8348,j干Y
8349,趺膜
8350,j干Y
8351,趺膜
8352,j干Y
8353,趺膜
8354,j干Y
8355,趺膜
8356,j干Y
8357,趺膜
8358,j干Y
8359,趺膜
8360,j干Y
8361,趺膜
8362,j干Y
8363,趺膜
8364,j干Y
8365,趺膜
8366,j干Y
8367,趺膜
8368,j干Y
8369,趺膜
8370,j干Y
8371,趺膜
8372,j干Y
8373,趺膜
8374,j干Y
8375,趺膜
8376,j干Y
8377,趺膜
8378,j干Y
8379,趺膜
8380,j干Y
8381,趺膜
8382,j干Y
8383,趺膜
8384,j干Y
8385,趺膜
8386,j干Y
8387,趺膜
8388,j干Y
8389,趺膜
8390,j干Y
8391,趺膜
8392,j干Y
8393,趺膜
8394,j干Y
8395,趺膜
8396,j干Y
8397,趺膜
8398,j干Y
8399,趺膜
8400,j干Y
8401,趺膜
8402,j干Y
8403,趺膜
8404,j干Y
8405,趺膜
8406,j干Y
8407,趺膜
8408,j干Y
8409,趺膜
8410,j干Y
8411,趺膜
8412,j干Y
8413,趺膜
8414,j干Y
8415,趺膜
8416,j干Y
8417,趺膜
8418,j干Y
8419,趺膜
8420,j干Y
8421,趺膜
8422,j干Y
8423,趺膜
8424,j干Y
8425,趺膜
8426,j干Y
8427,趺膜
8428,j干Y
8429,趺膜
8430,j干Y
8431,趺膜
8432,j干Y
8433,趺膜
8434,j干Y
8435,趺膜
8436,j干Y
8437,趺膜
8438,j干Y
8439,趺膜
8440,j干Y
8441,趺膜
8442,j干Y
8443,趺膜
8444,j干Y
8445,趺膜
8446,j干Y
8447,趺膜
8448,j干Y
8449,趺膜
8450,j干Y
8451,趺膜
8452,j干Y
8453,趺膜
8454,j干Y
8455,趺膜
8456,j干Y
8457,趺膜
8458,j干Y
8459,趺膜
8460,j干Y
8461,趺膜
8462,j干Y
8463,趺膜
8464,j干Y
8465,趺膜
8466,j干Y
8467,趺膜
8468,j干Y
8469,趺膜
8470,j干Y
8471,趺膜
8472,j干Y
8473,趺膜
8474,j干Y
8475,趺膜
8476,j干Y
8477,趺膜
8478,j干Y
8479,趺膜
8480,j干Y
8481,趺膜
8482,j干Y
8483,趺膜
8484,j干Y
8485,趺膜
8486,j干Y
8487,趺膜
8488,j干Y
8489,趺膜
8490,j干Y
8491,趺膜
8492,j干Y
8493,趺膜
8494,j干Y
8495,趺膜
8496,j干Y
8497,趺膜
8498,j干Y
8499,趺膜
8500,j干Y
8501,趺膜
8502,j干Y
8503,趺膜
8504,j干Y
8505,趺膜
8506,j干Y
8507,趺膜
8508,j干Y
8509,趺膜
8510,j干Y
8511,趺膜
8512,j干Y
8513,趺膜
8514,j干Y
8515,趺膜
8516,j干Y
8517,趺膜
8518,j干Y
8519,趺膜
8520,j干Y
8521,趺膜
8522,j干Y
8523,趺膜
8524,j干Y
8525,趺膜
8526,j干Y
8527,趺膜
8528,j干Y
8529,趺膜
8530,j干Y
8531,趺膜
8532,j干Y
8533,趺膜
8534,j干Y
8535,趺膜
8536,j干Y
8537,趺膜
8538,j干Y
8539,趺膜
8540,j干Y
8541,趺膜
8542,j干Y
8543,趺膜
8544,j干Y
8545,趺膜
8546,j干Y
8547,趺膜
8548,j干Y
8549,趺膜
8550,j干Y
8551,趺膜
8552,j干Y
8553,趺膜
8554,j干Y
8555,趺膜
8556,j干Y
8557,趺膜
8558,j干Y
8559,趺膜
8560,j干Y
8561,趺膜
8562,j干Y
8563,趺膜
8564,j干Y
8565,趺膜
8566,j干Y
8567,趺膜
8568,j干Y
8569,趺膜
8570,j干Y
8571,趺膜
8572,j干Y
8573,趺膜
8574,j干Y
8575,趺膜
8576,j干Y
8577,趺膜
8578,j干Y
8579,趺膜
8580,j干Y
8581,趺膜
8582,j干Y
8583,趺膜
8584,j干Y
8585,趺膜
8586,j干Y
8587,趺膜
8588,j干Y
8589,趺膜
8590,j干Y
8591,趺膜
8592,j干Y
8593,趺膜
8594,j干Y
8595,趺膜
8596,j干Y
8597,趺膜
8598,j干Y
8599,趺膜
8600,j干Y
8601,趺膜
8602,j干Y
8603,趺膜
8604,j干Y
8605,趺膜
8606,j干Y
8607,趺膜
8608,j干Y
8609,趺膜
8610,j干Y
8611,趺膜
8612,j干Y
8613,趺膜
8614,j干Y
8615,趺膜
8616,j干Y
8617,趺膜
8618,j干Y
8619,趺膜
8620,j干Y
8621,趺膜
8622,j干Y
8623,趺膜
8624,j干Y
8625,趺膜
8626,j干Y
8627,趺膜
8628,j干Y
8629,趺膜
8630,j干Y
8631,趺膜
8632,j干Y
8633,趺膜
8634,j干Y
8635,趺膜
8636,j干Y
8637,趺膜
8638,j干Y
8639,趺膜
8640,j干Y
8641,趺膜
8642,j干Y
8643,趺膜
8644,j干Y
8645,趺膜
8646,j干Y
8647,趺膜
8648,j干Y
8649,趺膜
8650,j干Y
8651,趺膜
8652,j干Y
8653,趺膜
8654,j干Y
8655,趺膜
8656,j干Y
8657,趺膜
8658,j干Y
8659,趺膜
8660,j干Y
8661,趺膜
8662,j干Y
8663,趺膜
8664,j干Y
8665,趺膜
8666,j干Y
8667,趺膜
8668,j干Y
8669,趺膜
8670,j干Y
8671,趺膜
8672,j干Y
8673,趺膜
8674,j干Y
8675,趺膜
8676,j干Y
8677,趺膜
8678,j干Y
8679,趺膜
8680,j干Y
8681,趺膜
8682,j干Y
8683,趺膜
8684,j干Y
8685,趺膜
8686,j干Y
8687,趺膜
8688,j干Y
8689,趺膜
8690,j干Y
8691,趺膜
8692,j干Y
8693,趺膜
8694,j干Y
8695,趺膜
8696,j干Y
8697,趺膜
8698,j干Y
8699,趺膜
8700,j干Y
8701,趺膜
8702,j干Y
8703,趺膜
8704,j干Y
8705,趺膜
8706,j干Y
8707,趺膜
8708,j干Y
8709,趺膜
8710,j干Y
8711,趺膜
8712,j干Y
8713,趺膜
8714,j干Y
8715,趺膜
8716,j干Y
8717,趺膜
8718,j干Y
8719,趺膜
8720,j干Y
8721,趺膜
8722,j干Y
8723,趺膜
8724,j干Y
8725,趺膜
8726,j干Y
8727,趺膜
8728,j干Y
8729,趺膜
8730,j干Y
8731,趺膜
8732,j干Y
8733,趺膜
8734,j干Y
8735,趺膜
8736,j干Y
8737,趺膜
8738,j干Y
8739,趺膜
8740,j干Y
8741,趺膜
8742,j干Y
8743,趺膜
8744,j干Y
8745,趺膜
8746,j干Y
8747,趺膜
8748,j干Y
8749,趺膜
8750,j干Y
8751,趺膜
8752,j干Y
8753,趺膜
8754,j干Y
8755,趺膜
8756,j干Y
8757,趺膜
8758,j干Y
8759,趺膜
8760,j干Y
8761,趺膜
8762,j干Y
8763,趺膜
8764,j干Y
8765,趺膜
8766,j干Y
8767,趺膜
8768,j干Y
8769,趺膜
8770,j干Y
8771,趺膜
8772,j干Y
8773,趺膜
8774,j干Y
8775,趺膜
8776,j干Y
8777,趺膜
8778,j干Y
8779,趺膜
8780,j干Y
8781,趺膜
8782,j干Y
8783,趺膜
8784,j干Y
8785,趺膜
8786,j干Y
8787,趺膜
8788,j干Y
8789,趺膜
8790,j干Y
8791,趺膜
8792,j干Y
8793,趺膜
8794,j干Y
8795,趺膜
8796,j干Y
8797,趺膜
8798,j干Y
8799,趺膜
8800,j干Y
8801,趺膜
8802,j干Y
8803,趺膜
8804,j干Y
8805,趺膜
8806,j干Y
8807,趺膜
8808,j干Y
8809,趺膜
8810,j干Y
8811,趺膜
8812,j干Y
8813,趺膜
8814,j干Y
8815,趺膜
8816,j干Y
8817,趺膜
8818,j干Y
8819,趺膜
8820,j干Y
8821,趺膜
8822,j干Y
8823,趺膜
8824,j干Y
8825,趺膜
8826,j干Y
8827,趺膜
8828,j干Y
8829,趺膜
8830,j干Y
8831,趺膜
8832,j干Y
8833,趺膜
8834,j干Y
8835,趺膜
8836,j干Y
8837,趺膜
8838,j干Y
8839,趺膜
8840,j干Y
8841,趺膜
8842,j干Y
8843,趺膜
8844,j干Y
8845,趺膜
8846,j干Y
8847,趺膜
8848,j干Y
8849,趺膜
8850,j干Y
8851,趺膜
8852,j干Y
8853,趺膜
8854,j干Y
8855,趺膜
8856,j干Y
8857,趺膜
8858,j干Y
8859,趺膜
8860,j干Y
8861,趺膜
8862,j干Y
8863,趺膜
8864,j干Y
8865,趺膜
8866,j干Y
8867,趺膜
8868,j干Y
8869,趺膜
8870,j干Y
8871,趺膜
8872,j干Y
8873,趺膜
8874,j干Y
8875,趺膜
8876,j干Y
8877,趺膜
8878,j干Y
8879,趺膜
8880,j干Y
8881,趺膜
8882,j干Y
8883,趺膜
8884,j干Y
8885,趺膜
8886,j干Y
8887,趺膜
8888,j干Y
8889,趺膜
8890,j干Y
8891,趺膜
8892,j干Y
8893,趺膜
8894,j干Y
8895,趺膜
8896,j干Y
8897,趺膜
8898,j干Y
8899,趺膜
8900,j干Y
8901,趺膜
8902,j干Y
8903,趺膜
8904,j干Y
8905,趺膜
8906,j干Y
8907,趺膜
8908,j干Y
8909,趺膜
8910,j干Y
8911,趺膜
8912,j干Y
8913,趺膜
8914,j干Y
8915,趺膜
8916,j干Y
8917,趺膜
8918,j干Y
8919,趺膜
8920,j干Y
8921,趺膜
8922,j干Y
8923,趺膜
8924,j干Y
8925,趺膜
8926,j干Y
8927,趺膜
8928,j干Y
8929,趺膜
8930,j干Y
8931,趺膜
8932,j干Y
8933,趺膜
8934,j干Y
8935,趺膜
8936,j干Y
8937,趺膜
8938,j干Y
8939,趺膜
8940,j干Y
8941,趺膜
8942,j干Y
8943,趺膜
8944,j干Y
8945,趺膜
8946,j干Y
8947,趺膜
8948,j干Y
8949,趺膜
8950,j干Y
8951,趺膜
8952,j干Y
8953,趺膜
8954,j干Y
8955,趺膜
8956,j干Y
8957,趺膜
8958,j干Y
8959,趺膜
8960,j干Y
8961,趺膜
8962,j干Y
8963,趺膜
8964,j干Y
8965,趺膜
8966,j干Y
8967,趺膜
8968,j干Y
8969,趺膜
8970,j干Y
8971,趺膜
8972,j干Y
8973,趺膜
8974,j干Y
8975,趺膜
8976,j干Y
8977,趺膜
8978,j干Y
8979,趺膜
8980,j干Y
8981,趺膜
8982,j干Y
8983,趺膜
8984,j干Y
8985,趺膜
8986,j干Y
8987,趺膜
8988,j干Y
8989,趺膜
8990,j干Y
8991,趺膜
8992,j干Y
8993,趺膜
8994,j干Y
8995,趺膜
8996,j干Y
8997,趺膜
8998,j干Y
8999,趺膜
9000,j干Y
9001,趺膜
9002,j干Y
9003,趺膜
9004,j干Y
9005,趺膜
9006,j干Y
9007,趺膜
9008,j干Y
9009,趺膜
9010,j干Y
9011,趺膜
9012,j干Y
9013,趺膜
9014,j干Y
9015,趺膜
9016,j干Y
9017,趺膜
9018,j干Y
9019,趺膜
9020,j干Y
9021,趺膜
9022,j干Y
9023,趺膜
9024,j干Y
9025,趺膜
9026,j干Y
9027,趺膜
9028,j干Y
9029,趺膜
9030,j干Y
9031,趺膜
9032,j干Y
9033,趺膜
9034,j干Y
9035,趺膜
9036,j干Y
9037,趺膜
9038,j干Y
9039,趺膜
9040,j干Y
9041,趺膜
9042,j干Y
9043,趺膜
9044,j干Y
9045,趺膜
9046,j干Y
9047,趺膜
9048,j干Y
9049,趺膜
9050,j干Y
9051,趺膜
9052,j干Y
9053,趺膜
9054,j干Y
9055,趺膜
9056,j干Y
9057,趺膜
9058,j干Y
9059,趺膜
9060,j干Y
9061,趺膜
9062,j干Y
9063,趺膜
9064,j干Y
9065,趺膜
9066,j干Y
9067,趺膜
9068,j干Y
9069,趺膜
9070,j干Y
9071,趺膜
9072,j干Y
9073,趺膜
9074,j干Y
9075,趺膜
9076,j干Y
9077,趺膜
9078,j干Y
9079,趺膜
9080,j干Y
9081,趺膜
9082,j干Y
9083,趺膜
9084,j干Y
9085,趺膜
9086,j干Y
9087,趺膜
9088,j干Y
9089,趺膜
9090,j干Y
9091,趺膜
9092,j干Y
9093,趺膜
9094,j干Y
9095,趺膜
9096,j干Y
9097,趺膜
9098,j干Y
9099,趺膜
9100,j干Y
9101,趺膜
9102,j干Y
9103,趺膜
9104,j干Y
9105,趺膜
9106,j干Y
9107,趺膜
9108,j干Y
9109,趺膜
9110,j干Y
9111,趺膜
9112,j干Y
9113,趺膜
9114,j干Y
9115,趺膜
9116,j干Y
9117,趺膜
9118,j干Y
9119,趺膜
9120,j干Y
9121,趺膜
9122,j干Y
9123,趺膜
9124,j干Y
9125,趺膜
9126,j干Y
9127,趺膜
9128,j干Y
9129,趺膜
9130,j干Y
9131,趺膜
9132,j干Y
9133,趺膜
9134,j干Y
9135,趺膜
9136,j干Y
9137,趺膜
9138,j干Y
9139,趺膜
9140,j干Y
9141,趺膜
9142,j干Y
9143,趺膜
9144,j干Y
9145,趺膜
9146,j干Y
9147,趺膜
9148,j干Y
9149,趺膜
9150,j干Y
9151,趺膜
9152,j干Y
9153,趺膜
9154,j干Y
9155,趺膜
9156,j干Y
9157,趺膜
9158,j干Y
9159,趺膜
9160,j干Y
9161,趺膜
9162,j干Y
9163,趺膜
9164,j干Y
9165,趺膜
9166,j干Y
9167,趺膜
9168,j干Y
9169,趺膜
9170,j干Y
9171,趺膜
9172,j干Y
9173,趺膜
9174,j干Y
9175,趺膜
9176,j干Y
9177,趺膜
9178,j干Y
9179,趺膜
9180,j干Y
9181,趺膜
9182,j干Y
9183,趺膜
9184,j干Y
9185,趺膜
9186,j干Y
9187,趺膜
9188,j干Y
9189,趺膜
9190,j干Y
9191,趺膜
9192,j干Y
9193,趺膜
9194,j干Y
9195,趺膜
9196,j干Y
9197,趺膜
9198,j干Y
9199,趺膜
9200,j干Y
9201,趺膜
9202,j干Y
9203,趺膜
9204,j干Y
9205,趺膜
9206,j干Y
9207,趺膜
9208,j干Y
9209,趺膜
9210,j干Y
9211,趺膜
9212,j干Y
9213,趺膜
9214,j干Y
9215,趺膜
9216,j干Y
9217,趺膜
9218,j干Y
9219,趺膜
9220,j干Y
9221,趺膜
9222,j干Y
9223,趺膜
9224,j干Y
9225,趺膜
9226,j干Y
9227,趺膜
9228,j干Y
9229,趺膜
9230,j干Y
9231,趺膜
9232,j干Y
9233,趺膜
9234,j干Y
9235,趺膜
9236,j干Y
9237,趺膜
9238,j干Y
9239,趺膜
9240,j干Y
9241,趺膜
9242,j干Y
9243,趺膜
9244,j干Y
9245,趺膜
9246,j干Y
9247,趺膜
9248,j干Y
9249,趺膜
9250,j干Y
9251,趺膜
9252,j干Y
9253,趺膜
9254,j干Y
9255,趺膜
9256,j干Y
9257,趺膜
9258,j干Y
9259,趺膜
9260,j干Y
9261,趺膜
9262,j干Y
9263,趺膜
9264,j干Y
9265,趺膜
9266,j干Y
9267,趺膜
9268,j干Y
9269,趺膜
9270,j干Y
9271,趺膜
9272,j干Y
9273,趺膜
9274,j干Y
9275,趺膜
9276,j干Y
9277,趺膜
9278,j干Y
9279,趺膜
9280,j干Y
9281,趺膜
9282,j干Y
9283,趺膜
9284,j干Y
9285,趺膜
9286,j干Y
9287,趺膜
9288,j干Y
9289,趺膜
9290,j干Y
9291,趺膜
9292,j干Y
9293,趺膜
9294,j干Y
9295,趺膜
9296,j干Y
9297,趺膜
9298,j干Y
9299,趺膜
9300,j干Y
9301,趺膜
9302,j干Y
9303,趺膜
9304,j干Y
9305,趺膜
9306,j干Y
9307,趺膜
9308,j干Y
9309,趺膜
9310,j干Y
9311,趺膜
9312,j干Y
9313,趺膜
9314,j干Y
9315,趺膜
9316,j干Y
9317,趺膜
9318,j干Y
9319,趺膜
9320,j干Y
9321,趺膜
9322,j干Y
9323,趺膜
9324,j干Y
9325,趺膜
9326,j干Y
9327,趺膜
9328,j干Y
9329,趺膜
9330,j干Y
9331,趺膜
9332,j干Y
9333,趺膜
9334,j干Y
9335,趺膜
9336,j干Y
9337,趺膜
9338,j干Y
9339,趺膜
9340,j干Y
9341,趺膜
9342,j干Y
9343,趺膜
9344,j干Y
9345,趺膜
9346,j干Y
9347,趺膜
9348,j干Y
9349,趺膜
9350,j干Y
9351,趺膜
9352,j干Y
9353,趺膜
9354,j干Y
9355,趺膜
9356,j干Y
9357,趺膜
9358,j干Y
9359,趺膜
9360,j干Y
9361,趺膜
9362,j干Y
9363,趺膜
9364,j干Y
9365,趺膜
9366,j干Y
9367,趺膜
9368,j干Y
9369,趺膜
9370,j干Y
9371,趺膜
9372,j干Y
9373,趺膜
9374,j干Y
9375,趺膜
9376,j干Y
9377,趺膜
9378,j干Y
9379,趺膜
9380,j干Y
9381,趺膜
9382,j干Y
9383,趺膜
9384,j干Y
9385,趺膜
9386,j干Y
9387,趺膜
9388,j干Y
9389,趺膜
9390,j干Y
9391,趺膜
9392,j干Y
9393,趺膜
9394,j干Y
9395,趺膜
9396,j干Y
9397,趺膜
9398,j干Y
9399,趺膜
9400,j干Y
9401,趺膜
9402,j干Y
9403,趺膜
9404,j干Y
9405,趺膜
9406,j干Y
9407,趺膜
9408,j干Y
9409,趺膜
9410,j干Y
9411,趺膜
9412,j干Y
9413,趺膜
9414,j干Y
9415,趺膜
9416,j干Y
9417,趺膜
9418,j干Y
9419,趺膜
9420,j干Y
9421,趺膜
9422,j干Y
9423,趺膜
9424,j干Y
9425,趺膜
9426,j干Y
9427,趺膜
9428,j干Y
9429,趺膜
9430,j干Y
9431,趺膜
9432,j干Y
9433,趺膜
9434,j干Y
9435,趺膜
9436,j干Y
9437,趺膜
9438,j干Y
9439,趺膜
9440,j干Y
9441,趺膜
9442,j干Y
9443,趺膜
9444,j干Y
9445,趺膜
9446,j干Y
9447,趺膜
9448,j干Y
9449,趺膜
9450,j干Y
9451,趺膜
9452,j干Y
9453,趺膜
9454,j干Y
9455,趺膜
9456,j干Y
9457,趺膜
9458,j干Y
9459,趺膜
9460,j干Y
9461,趺膜
9462,j干Y
9463,趺膜
9464,j干Y
9465,趺膜
9466,j干Y
9467,趺膜
9468,j干Y
9469,趺膜
9470,j干Y
9471,趺膜
9472,j干Y
9473,趺膜
9474,j干Y
9475,趺膜
9476,j干Y
9477,趺膜
9478,j干Y
9479,趺膜
9480,j干Y
9481,趺膜
9482,j干Y
9483,趺膜
9484,j干Y
9485,趺膜
9486,j干Y
9487,趺膜
9488,j干Y
9489,趺膜
9490,j干Y
9491,趺膜
9492,j干Y
9493,趺膜
9494,j干Y
9495,趺膜
9496,j干Y
9497,趺膜
9498,j干Y
9499,趺膜
9500,j干Y
9501,趺膜
9502,j干Y
9503,趺膜
9504,j干Y
9505,趺膜
9506,j干Y
9507,趺膜
9508,j干Y
9509,趺膜
9510,j干Y
9511,趺膜
9512,j干Y
9513,趺膜
9514,j干Y
9515,趺膜
9516,j干Y
9517,趺膜
9518,j干Y
9519,趺膜
9520,j干Y
9521,趺膜
9522,j干Y
9523,趺膜
9524,j干Y
9525,趺膜
9526,j干Y
9527,趺膜
9528,j干Y
9529,趺膜
9530,j干Y
9531,趺膜
9532,j干Y
9533,趺膜
9534,j干Y
9535,趺膜
9536,j干Y
9537,趺膜
9538,j干Y
9539,趺膜
9540,j干Y
9541,趺膜
9542,j干Y
9543,趺膜
9544,j干Y
9545,趺膜
9546,j干Y
9547,趺膜
9548,j干Y
9549,趺膜
9550,j干Y
9551,趺膜
9552,j干Y
9553,趺膜
9554,j干Y
9555,趺膜
9556,j干Y
9557,趺膜
9558,j干Y
9559,趺膜
9560,j干Y
9561,趺膜
9562,j干Y
9563,趺膜
9564,j干Y
9565,趺膜
9566,j干Y
9567,趺膜
9568,j干Y
9569,趺膜
9570,j干Y
9571,趺膜
9572,j干Y
9573,趺膜
9574,j干Y
9575,趺膜
9576,j干Y
9577,趺膜
9578,j干Y
9579,趺膜
9580,j干Y
9581,趺膜
9582,j干Y
9583,趺膜
9584,j干Y
9585,趺膜
9586,j干Y
9587,趺膜
9588,j干Y
9589,趺膜
9590,j干Y
9591,趺膜
9592,j干Y
9593,趺膜
9594,j干Y
9595,趺膜
9596,j干Y
9597,趺膜
9598,j干Y
9599,趺膜
9600,j干Y
9601,趺膜
9602,j干Y
9603,趺膜
9604,j干Y
9605,趺膜
9606,j干Y
9607,趺膜
9608,j干Y
9609,趺膜
9610,j干Y
9611,趺膜
9612,j干Y
9613,趺膜
9614,j干Y
9615,趺膜
9616,j干Y
9617,趺膜
9618,j干Y
9619,趺膜
9620,j干Y
9621,趺膜
9622,j干Y
9623,趺膜
9624,j干Y
9625,趺膜
9626,j干Y
9627,趺膜
9628,j干Y
9629,趺膜
9630,j干Y
9631,趺膜
9632,j干Y
9633,趺膜
9634,j干Y
9635,趺膜
9636,j干Y
9637,趺膜
9638,j干Y
9639,趺膜
9640,j干Y
9641,趺膜
9642,j干Y
9643,趺膜
9644,j干Y
9645,趺膜
9646,j干Y
9647,趺膜
9648,j干Y
9649,趺膜
9650,j干Y
9651,趺膜
9652,j干Y
9653,趺膜
9654,j干Y
9655,趺膜
9656,j干Y
9657,趺膜
9658,j干Y
9659,趺膜
9660,j干Y
9661,趺膜
9662,j干Y
9663,趺膜
9664,j干Y
9665,趺膜
9666,j干Y
9667,趺膜
9668,j干Y
9669,趺膜
9670,j干Y
9671,趺膜
9672,j干Y
9673,趺膜
9674,j干Y
9675,趺膜
9676,j干Y
9677,趺膜
9678,j干Y
9679,趺膜
9680,j干Y
9681,趺膜
9682,j干Y
9683,趺膜
9684,j干Y
9685,趺膜
9686,j干Y
9687,趺膜
9688,j干Y
9689,趺膜
9690,j干Y
9691,趺膜
9692,j干Y
9693,趺膜
9694,j干Y
9695,趺膜
9696,j干Y
9697,趺膜
9698,j干Y
9699,趺膜
9700,j干Y
9701,趺膜
9702,j干Y
9703,趺膜
9704,j干Y
9705,趺膜
9706,j干Y
9707,趺膜
9708,j干Y
9709,趺膜
9710,j干Y
9711,趺膜
9712,j干Y
9713,趺膜
9714,j干Y
9715,趺膜
9716,j干Y
9717,趺膜
9718,j干Y
9719,趺膜
9720,j干Y
9721,趺膜
9722,j干Y
9723,趺膜
9724,j干Y
9725,趺膜
9726,j干Y
9727,趺膜
9728,j干Y
9729,趺膜
9730,j干Y
9731,趺膜
9732,j干Y
9733,趺膜
9734,j干Y
9735,趺膜
9736,j干Y
9737,趺膜
9738,j干Y
9739,趺膜
9740,j干Y
9741,趺膜
9742,j干Y
9743,趺膜
9744,j干Y
9745,趺膜
9746,j干Y
9747,趺膜
9748,j干Y
9749,趺膜
9750,j干Y
9751,趺膜
9752,j干Y
9753,趺膜
9754,j干Y
9755,趺膜
9756,j干Y
9757,趺膜
9758,j干Y
9759,趺膜
9760,j干Y
9761,趺膜
9762,j干Y
9763,趺膜
9764,j干Y
9765,趺膜
9766,j干Y
9767,趺膜
9768,j干Y
9769,趺膜
9770,j干Y
9771,趺膜
9772,j干Y
9773,趺膜
9774,j干Y
9775,趺膜
9776,j干Y
9777,趺膜
9778,j干Y
9779,趺膜
9780,j干Y
9781,趺膜
9782,j干Y
9783,趺膜
9784,j干Y
9785,趺膜
9786,j干Y
9787,趺膜
9788,j干Y
9789,趺膜
9790,j干Y
9791,趺膜
9792,j干Y
9793,趺膜
9794,j干Y
9795,趺膜
9796,j干Y
9797,趺膜
9798,j干Y
9799,趺膜
9800,j干Y
9801,趺膜
9802,j干Y
9803,趺膜
9804,j干Y
9805,趺膜
9806,j干Y
9807,趺膜
9808,j干Y
9809,趺膜
9810,j干Y
9811,趺膜
9812,j干Y
9813,趺膜
9814,j干Y
9815,趺膜
9816,j干Y
9817,趺膜
9818,j干Y
9819,趺膜
9820,j干Y
9821,趺膜
9822,j干Y
9823,趺膜
9824,j干Y
9825,趺膜
9826,j干Y
9827,趺膜
9828,j干Y
9829,趺膜
9830,j干Y
9831,趺膜
9832,j干Y
9833,趺膜
9834,j干Y
9835,趺膜
9836,j干Y
9837,趺膜
9838,j干Y
9839,趺膜
9840,j干Y
9841,趺膜
9842,j干Y
9843,趺膜
9844,j干Y
9845,趺膜
9846,j干Y
9847,趺膜
9848,j干Y
9849,趺膜
9850,j干Y
9851,趺膜
9852,j干Y
9853,趺膜
9854,j干Y
9855,趺膜
9856,j干Y
9857,趺膜
9858,j干Y
9859,趺膜
9860,j干Y
9861,趺膜
9862,j干Y
9863,趺膜
9864,j干Y
9865,趺膜
9866,j干Y
9867,趺膜
9868,j干Y
9869,趺膜
9870,j干Y
9871,趺膜
9872,j干Y
9873,趺膜
9874,j干Y
9875,趺膜
9876,j干Y
9877,趺膜
9878,j干Y
9879,趺膜
9880,j干Y
9881,趺膜
9882,j干Y
9883,趺膜
9884,j干Y
9885,趺膜
9886,j干Y
9887,趺膜
9888,j干Y
9889,趺膜
9890,j干Y
9891,趺膜
9892,j干Y
9893,趺膜
9894,j干Y
9895,趺膜
9896,j干Y
9897,趺膜
9898,j干Y
9899,趺膜
9900,j干Y
9901,趺膜
9902,j干Y
9903,趺膜
9904,j干Y
9905,趺膜
9906,j干Y
9907,趺膜
9908,j干Y
9909,趺膜
9910,j干Y
9911,趺膜
9912,j干Y
9913,趺膜
9914,j干Y
9915,趺膜
9916,j干Y
9917,趺膜
9918,j干Y
9919,趺膜
9920,j干Y
9921,趺膜
9922,j干Y
9923,趺膜
9924,j干Y
9925,趺膜
9926,j干Y
9927,趺膜
9928,j干Y
9929,趺膜
9930,j干Y
9931,趺膜
9932,j干Y
9933,趺膜
9934,j干Y
9935,趺膜
9936,j干Y
9937,趺膜
9938,j干Y
9939,趺膜
9940,j干Y
9941,趺膜
9942,j干Y
9943,趺膜
9944,j干Y
9945,趺膜
9946,j干Y
9947,趺膜
9948,j干Y
9949,趺膜
9950,j干Y
9951,趺膜
9952,j干Y
9953,趺膜
9954,j干Y
9955,趺膜
9956,j干Y
9957,趺膜
9958,j干Y
9959,趺膜
9960,j干Y
9961,趺膜
9962,j干Y
9963,趺膜
9964,j干Y
9965,趺膜
9966,j干Y
9967,趺膜
9968,j干Y
9969,趺膜
9970,j干Y
9971,趺膜
9972,j干Y
9973,趺膜
9974,j干Y
9975,趺膜
9976,j干Y
9977,趺膜
9978,j干Y
9979,趺膜
9980,j干Y
9981,趺膜
9982,j干Y
9983,趺膜
9984,j干Y
9985,趺膜
9986,j干Y
9987,趺膜
9988,j干Y
9989,趺膜
9990,j干Y
9991,趺膜
9992,j干Y
9993,趺膜
9994,j干Y
9995,趺膜
9996,j干Y
9997,趺膜
9998,j干Y
9999,趺膜
10000,j干Y
10001,趺膜
10002,j干Y
10003,趺膜
10004,j干Y
10005,趺膜
10006,j干Y
10007,趺膜
10008,j干Y
